Assignment,AttackType,MaliciousPct,Model,SuccessRate,FailureRate,Latency,MAR,ServiceDenialRate,ServiceDenialCount,Availability,PoolAvailability,HonestAvailability,TPR_gov,FPR_gov,FNR_gov,TNR_gov,Precision_gov,NPV_gov,F1_gov,TPR_exp,MalExposureRate,NumMalExposed,NumMalBlacklistedExposed,TPR_sel,FPR_sel,FNR_sel,TNR_sel,Precision_sel,NPV_sel,F1_sel,PMTI,RepSep,RepSep_provider,SER_mal,EarlyMAR_100,PctGoodSel,PctWarningSel,PctServiceDenial,FailMalicious_Pct,FailHonest_Pct,UndetectedMaliciousRate,TPR,FPR,FNR,TNR,Precision,NPV,F1,FirstHalf_SR,FirstHalf_MAR,SecondHalf_SR,SecondHalf_MAR,SR_Drop,MAR_Drop,MalSelected_Phase1,MalSelected_Phase2,MalSelectRatio,InitialMAR_Phase2,FinalMAR_Phase2,MARImprovement,RunsToDetect,StalenessScore
moderate,always,0,3VSL-Binary,96.87644457,3.123555434,196.2923302,100,0.75,7.5,99.25,100,100,NaN,0,NaN,100,NaN,NaN,NaN,NaN,0,0,0,0,3.123555434,0,96.87644457,0,100,0,NaN,NaN,NaN,NaN,100,96.46360175,3.536398254,0.75,0,100,NaN,NaN,0,NaN,100,NaN,NaN,NaN,NaN,NaN,NaN,NaN,NaN,NaN,NaN,NaN,NaN,NaN,NaN,NaN,NaN,NaN
moderate,always,0,Beta (BRS),96.87644457,3.123555434,196.2923302,100,0.75,7.5,99.25,100,100,NaN,0,NaN,100,NaN,NaN,NaN,NaN,0,0,0,0,3.123555434,0,96.87644457,0,100,0,NaN,NaN,NaN,NaN,100,96.29198511,3.708014888,0.75,0,100,NaN,NaN,0,NaN,100,NaN,NaN,NaN,NaN,NaN,NaN,NaN,NaN,NaN,NaN,NaN,NaN,NaN,NaN,NaN,NaN,NaN
moderate,always,0,RUST,96.87423166,3.125768341,196.297925,100,1.13,11.3,98.87,99.57142857,99.57142857,NaN,0.428571429,NaN,99.57142857,NaN,NaN,NaN,NaN,0,0,0,0,3.125768341,0,96.87423166,0,100,0,NaN,NaN,NaN,NaN,100,95.0635083,4.936491699,1.13,0,100,NaN,NaN,0.428571429,NaN,99.57142857,NaN,NaN,NaN,NaN,NaN,NaN,NaN,NaN,NaN,NaN,NaN,NaN,NaN,NaN,NaN,NaN,NaN
moderate,always,0,RUST-NoDH,96.87615311,3.12384689,196.3060063,100,0.76,7.6,99.24,99.28571429,99.28571429,NaN,0.714285714,NaN,99.28571429,NaN,NaN,NaN,NaN,0,0,0,0,3.12384689,0,96.87615311,0,100,0,NaN,NaN,NaN,NaN,100,97.79354068,2.206459323,0.76,0,100,NaN,NaN,0.714285714,NaN,99.28571429,NaN,NaN,NaN,NaN,NaN,NaN,NaN,NaN,NaN,NaN,NaN,NaN,NaN,NaN,NaN,NaN,NaN
moderate,always,0,RUST-NoRec,96.87552686,3.124473137,196.2971229,100,0.78,7.8,99.22,99.14285714,99.14285714,NaN,0.857142857,NaN,99.14285714,NaN,NaN,NaN,NaN,0,0,0,0,3.124473137,0,96.87552686,0,100,0,NaN,NaN,NaN,NaN,100,92.68308204,7.316917956,0.78,0,100,NaN,NaN,0.857142857,NaN,99.14285714,NaN,NaN,NaN,NaN,NaN,NaN,NaN,NaN,NaN,NaN,NaN,NaN,NaN,NaN,NaN,NaN,NaN
moderate,always,0,RUST-NoTier,96.87290404,3.127095957,196.2458003,100,1.48,14.8,98.52,99.28571429,99.28571429,NaN,0.714285714,NaN,99.28571429,NaN,NaN,NaN,NaN,0,0,0,0,3.127095957,0,96.87290404,0,100,0,NaN,NaN,NaN,NaN,100,85.43664646,14.56335354,1.48,0,100,NaN,NaN,0.714285714,NaN,99.28571429,NaN,NaN,NaN,NaN,NaN,NaN,NaN,NaN,NaN,NaN,NaN,NaN,NaN,NaN,NaN,NaN,NaN
moderate,always,0,RUST-Uniform,96.87606743,3.123932566,196.2883414,100,0.76,7.6,99.24,98.14285714,98.14285714,NaN,1.857142857,NaN,98.14285714,NaN,NaN,NaN,NaN,0,0,0,0,3.123932566,0,96.87606743,0,100,0,NaN,NaN,NaN,NaN,100,39.31969313,60.68030687,0.76,0,100,NaN,NaN,1.857142857,NaN,98.14285714,NaN,NaN,NaN,NaN,NaN,NaN,NaN,NaN,NaN,NaN,NaN,NaN,NaN,NaN,NaN,NaN,NaN
moderate,always,0,ScalarRep-CumReward,96.87644457,3.123555434,196.2923302,100,0.75,7.5,99.25,100,100,NaN,0,NaN,100,NaN,NaN,NaN,NaN,0,0,0,0,3.123555434,0,96.87644457,0,100,0,NaN,NaN,NaN,NaN,100,91.90892632,8.091073676,0.75,0,100,NaN,NaN,0,NaN,100,NaN,NaN,NaN,NaN,NaN,NaN,NaN,NaN,NaN,NaN,NaN,NaN,NaN,NaN,NaN,NaN,NaN
moderate,always,0,ScalarRep-EMA,96.87644457,3.123555434,196.2923302,100,0.75,7.5,99.25,100,100,NaN,0,NaN,100,NaN,NaN,NaN,NaN,0,0,0,0,3.123555434,0,96.87644457,0,100,0,NaN,NaN,NaN,NaN,100,0.100594162,99.89940584,0.75,0,100,NaN,NaN,0,NaN,100,NaN,NaN,NaN,NaN,NaN,NaN,NaN,NaN,NaN,NaN,NaN,NaN,NaN,NaN,NaN,NaN,NaN
moderate,always,0,Threshold,96.87423166,3.125768341,196.297925,100,1.13,11.3,98.87,99.71428571,99.71428571,NaN,0.285714286,NaN,99.71428571,NaN,NaN,NaN,NaN,0,0,0,0,3.125768341,0,96.87423166,0,100,0,NaN,NaN,NaN,NaN,100,95.0635083,4.936491699,1.13,0,100,NaN,NaN,0.285714286,NaN,99.71428571,NaN,NaN,NaN,NaN,NaN,NaN,NaN,NaN,NaN,NaN,NaN,NaN,NaN,NaN,NaN,NaN,NaN
moderate,always,0,Threshold-MaxRep,96.8716338,3.128366203,196.2886936,100,0.9,9,99.1,99.71428571,99.71428571,NaN,0.285714286,NaN,99.71428571,NaN,NaN,NaN,NaN,0,0,0,0,3.128366203,0,96.8716338,0,100,0,NaN,NaN,NaN,NaN,100,94.87415235,5.125847653,0.9,0,100,NaN,NaN,0.285714286,NaN,99.71428571,NaN,NaN,NaN,NaN,NaN,NaN,NaN,NaN,NaN,NaN,NaN,NaN,NaN,NaN,NaN,NaN,NaN
moderate,always,0,Threshold-NoTierSel,96.87290404,3.127095957,196.2458003,100,1.48,14.8,98.52,99.57142857,99.57142857,NaN,0.428571429,NaN,99.57142857,NaN,NaN,NaN,NaN,0,0,0,0,3.127095957,0,96.87290404,0,100,0,NaN,NaN,NaN,NaN,100,85.05109103,14.94890897,1.48,0,100,NaN,NaN,0.428571429,NaN,99.57142857,NaN,NaN,NaN,NaN,NaN,NaN,NaN,NaN,NaN,NaN,NaN,NaN,NaN,NaN,NaN,NaN,NaN
moderate,always,0,Threshold-Uniform,96.87606743,3.123932566,196.2883414,100,0.76,7.6,99.24,99.71428571,99.71428571,NaN,0.285714286,NaN,99.71428571,NaN,NaN,NaN,NaN,0,0,0,0,3.123932566,0,96.87606743,0,100,0,NaN,NaN,NaN,NaN,100,39.19829548,60.80170452,0.76,0,100,NaN,NaN,0.285714286,NaN,99.71428571,NaN,NaN,NaN,NaN,NaN,NaN,NaN,NaN,NaN,NaN,NaN,NaN,NaN,NaN,NaN,NaN,NaN
moderate,always,10,3VSL-Binary,96.89665863,3.103341365,196.3226095,99.93,2.04,20.4,97.96,100,100,0,0,100,100,0,90,0,0,100,7,0,40,3.033849264,0,96.96615074,2.186981376,100,4.111111111,NaN,0.276836023,0.149340814,NaN,99.8,95.905745,4.094255003,2.04,2.186981376,97.81301862,100,0,0,100,100,0,90,0,NaN,NaN,NaN,NaN,NaN,NaN,NaN,NaN,NaN,NaN,NaN,NaN,NaN,NaN
moderate,always,10,Beta (BRS),96.87639617,3.123603835,196.3837964,99.91,2.04,20.4,97.96,100,100,0,0,100,100,0,90,0,0,100,7,0,50,3.034433767,0,96.96556623,2.840216683,100,5.319952305,NaN,0.579246361,0.216961196,NaN,99.8,96.3757358,3.624264204,2.04,2.840216683,97.15978332,100,0,0,100,100,0,90,0,NaN,NaN,NaN,NaN,NaN,NaN,NaN,NaN,NaN,NaN,NaN,NaN,NaN,NaN
moderate,always,10,RUST,96.80426633,3.195733671,196.4014707,99.84,2.94,29.4,97.06,97.57142857,99.20634921,17.14285714,0.793650794,82.85714286,99.20634921,76.33333333,91.52870215,25.88888889,17.14285714,100,7,1.2,100,3.035181341,0,96.96481866,5.048866749,100,9.43513351,1.027777778,0.314250714,0.172986338,NaN,99.6,92.42121496,7.578785042,2.94,5.048866749,94.95113325,82.85714286,17.14285714,0.793650794,82.85714286,99.20634921,76.33333333,91.52870215,25.88888889,NaN,NaN,NaN,NaN,NaN,NaN,NaN,NaN,NaN,NaN,NaN,NaN,NaN,NaN
moderate,always,10,RUST-NoDH,96.8727385,3.127261504,196.3598105,99.91,2.14,21.4,97.86,98.28571429,99.20634921,10,0.793650794,90,99.20634921,42.5,90.85941254,15.17676768,10,100,7,0.7,50,3.037791949,0,96.96220805,2.766861055,100,5.155768208,1.066666667,0.304819802,0.187624019,NaN,99.7,97.21976138,2.780238617,2.14,2.766861055,97.23313895,90,10,0.793650794,90,99.20634921,42.5,90.85941254,15.17676768,NaN,NaN,NaN,NaN,NaN,NaN,NaN,NaN,NaN,NaN,NaN,NaN,NaN,NaN
moderate,always,10,RUST-NoRec,96.79743715,3.202562848,196.4933746,99.84,2.25,22.5,97.75,96.42857143,97.93650794,17.14285714,2.063492063,82.85714286,97.93650794,51.66666667,91.4420493,23.22222222,17.14285714,100,7,1.2,90,3.043327839,0,96.95667216,4.991700763,100,9.302553003,1.027777778,0.296935119,0.160276106,NaN,99.6,89.8676996,10.1323004,2.25,4.991700763,95.00829924,82.85714286,17.14285714,2.063492063,82.85714286,97.93650794,51.66666667,91.4420493,23.22222222,NaN,NaN,NaN,NaN,NaN,NaN,NaN,NaN,NaN,NaN,NaN,NaN,NaN,NaN
moderate,always,10,RUST-NoTier,96.64654383,3.353456168,196.7115807,99.69,3.31,33.1,96.69,95.57142857,99.04761905,35.71428571,0.952380952,64.28571429,99.04761905,81.66666667,93.3101733,47.27311577,35.71428571,100,7,2.5,100,3.04160599,0,96.95839401,9.439550265,100,16.93791093,1.123333333,0.289801297,0.184220019,NaN,99.4,83.26645676,16.73354324,3.31,9.439550265,90.56044974,64.28571429,35.71428571,0.952380952,64.28571429,99.04761905,81.66666667,93.3101733,47.27311577,NaN,NaN,NaN,NaN,NaN,NaN,NaN,NaN,NaN,NaN,NaN,NaN,NaN,NaN
moderate,always,10,RUST-Uniform,96.29360753,3.706392468,197.4423751,99.34,2.07,20.7,97.93,96.14285714,98.88888889,28.57142857,1.111111111,71.42857143,98.88888889,78.33333333,92.58630123,40.07070707,28.57142857,100,7,2,100,3.053462446,0,96.94653755,17.83983142,100,30.01139644,2,0.08239816,0.037442777,NaN,98.9,37.9560166,62.0439834,2.07,17.83983142,82.16016858,71.42857143,28.57142857,1.111111111,71.42857143,98.88888889,78.33333333,92.58630123,40.07070707,NaN,NaN,NaN,NaN,NaN,NaN,NaN,NaN,NaN,NaN,NaN,NaN,NaN,NaN
moderate,always,10,ScalarRep-CumReward,96.86617122,3.133828784,196.4039338,99.9,2.04,20.4,97.96,100,100,0,0,100,100,0,90,0,0,100,7,0,50,3.034728613,0,96.96527139,3.122474747,100,5.777468645,NaN,12.61906603,5.662810991,NaN,99.8,91.88346666,8.116533345,2.04,3.122474747,96.87752525,100,0,0,100,100,0,90,0,NaN,NaN,NaN,NaN,NaN,NaN,NaN,NaN,NaN,NaN,NaN,NaN,NaN,NaN
moderate,always,10,ScalarRep-EMA,95.7737365,4.226263496,198.407,98.82,2.04,20.4,97.96,100,100,0,0,100,100,0,90,0,0,100,7,0,100,3.058361922,0,96.94163808,28.19353306,100,43.65560032,NaN,-0.008557679,0.00658774,NaN,96.8,0.091952769,99.90804723,2.04,28.19353306,71.80646694,100,0,0,100,100,0,90,0,NaN,NaN,NaN,NaN,NaN,NaN,NaN,NaN,NaN,NaN,NaN,NaN,NaN,NaN
moderate,always,10,Threshold,96.80426633,3.195733671,196.4014707,99.84,2.94,29.4,97.06,97.85714286,99.36507937,15.71428571,0.634920635,84.28571429,99.36507937,80.83333333,91.39696773,24.95454545,15.71428571,100,7,1.1,100,3.035181341,0,96.96481866,5.048866749,100,9.43513351,1,0.296572727,0.162240913,NaN,99.6,92.44182296,7.558177037,2.94,5.048866749,94.95113325,84.28571429,15.71428571,0.634920635,84.28571429,99.36507937,80.83333333,91.39696773,24.95454545,NaN,NaN,NaN,NaN,NaN,NaN,NaN,NaN,NaN,NaN,NaN,NaN,NaN,NaN
moderate,always,10,Threshold-MaxRep,96.87442908,3.125570917,196.332047,99.91,2.69,26.9,97.31,99,99.52380952,5.714285714,0.476190476,94.28571429,99.52380952,40,90.47826087,10,5.714285714,100,7,0.4,60,3.035496313,0,96.96450369,2.815917799,100,5.328558974,1,0.272301494,0.148492535,NaN,99.8,92.16282696,7.837173044,2.69,2.815917799,97.1840822,94.28571429,5.714285714,0.476190476,94.28571429,99.52380952,40,90.47826087,10,NaN,NaN,NaN,NaN,NaN,NaN,NaN,NaN,NaN,NaN,NaN,NaN,NaN,NaN
moderate,always,10,Threshold-NoTierSel,96.60489405,3.39510595,196.785571,99.65,3.31,33.1,96.69,96.14285714,99.52380952,34.28571429,0.476190476,65.71428571,99.52380952,89.66666667,93.19038293,47.88888889,34.28571429,100,7,2.4,100,3.043024992,0,96.95697501,10.42882525,100,18.5827975,1.02,0.274124689,0.176285163,NaN,99.4,83.08999835,16.91000165,3.31,10.42882525,89.57117475,65.71428571,34.28571429,0.476190476,65.71428571,99.52380952,89.66666667,93.19038293,47.88888889,NaN,NaN,NaN,NaN,NaN,NaN,NaN,NaN,NaN,NaN,NaN,NaN,NaN,NaN
moderate,always,10,Threshold-Uniform,96.27355759,3.726442411,197.4458131,99.32,2.06,20.6,97.94,99.42857143,99.84126984,4.285714286,0.158730159,95.71428571,99.84126984,30,90.37681159,7.5,4.285714286,100,7,0.3,100,3.053757291,0,96.94624271,18.29104996,100,30.66093531,2.666666667,0.083204826,0.03680743,NaN,98.9,38.41208029,61.58791971,2.06,18.29104996,81.70895004,95.71428571,4.285714286,0.158730159,95.71428571,99.84126984,30,90.37681159,7.5,NaN,NaN,NaN,NaN,NaN,NaN,NaN,NaN,NaN,NaN,NaN,NaN,NaN,NaN
moderate,always,30,3VSL-Binary,93.48567681,6.514323194,204.203026,96.42,6.12,61.2,93.88,100,100,0,0,100,100,0,70,0,0,100,21,0,100,2.796346125,0,97.20365388,55.58473965,100,70.5419913,NaN,0.268476436,0.184563713,NaN,95.2,90.29180342,9.708196577,6.12,55.58473965,44.41526035,100,0,0,100,100,0,70,0,NaN,NaN,NaN,NaN,NaN,NaN,NaN,NaN,NaN,NaN,NaN,NaN,NaN,NaN
moderate,always,30,Beta (BRS),93.29484128,6.705158718,204.6061184,96.22,6.12,61.2,93.88,100,100,0,0,100,100,0,70,0,0,100,21,0,100,2.780885927,0,97.21911407,57.78032355,100,72.59506274,NaN,0.662093865,0.378795748,NaN,92.9,93.08562577,6.914374234,6.12,57.78032355,42.21967645,100,0,0,100,100,0,70,0,NaN,NaN,NaN,NaN,NaN,NaN,NaN,NaN,NaN,NaN,NaN,NaN,NaN,NaN
moderate,always,30,RUST,94.9109137,5.089086305,201.0681495,97.94,11.59,115.9,88.41,82.57142857,99.79591837,57.61904762,0.204081633,42.38095238,99.79591837,99.33333333,84.78340783,72.04064152,57.61904762,100,21,12.1,100,2.800269323,0,97.19973068,45.26144243,100,61.76973496,1.269992507,0.270024477,0.190984696,NaN,94.9,85.61198632,14.38801368,11.59,45.26144243,54.73855757,42.38095238,57.61904762,0.204081633,42.38095238,99.79591837,99.33333333,84.78340783,72.04064152,NaN,NaN,NaN,NaN,NaN,NaN,NaN,NaN,NaN,NaN,NaN,NaN,NaN,NaN
moderate,always,30,RUST-NoDH,95.24259485,4.757405154,200.7489907,98.2,8.55,85.5,91.45,82.57142857,98.7755102,55.23809524,1.224489796,44.76190476,98.7755102,95.29470121,83.97415753,68.7785207,55.23809524,100,21,11.6,100,2.829819039,0,97.17018096,40.7062879,100,57.17640925,1.247164225,0.269653757,0.213688668,NaN,95.6,94.72119976,5.278800237,8.55,40.7062879,59.2937121,44.76190476,55.23809524,1.224489796,44.76190476,98.7755102,95.29470121,83.97415753,68.7785207,NaN,NaN,NaN,NaN,NaN,NaN,NaN,NaN,NaN,NaN,NaN,NaN,NaN,NaN
moderate,always,30,RUST-NoRec,95.08223258,4.917767423,201.0101096,98.03,9.05,90.5,90.95,81.14285714,97.55102041,57.14285714,2.448979592,42.85714286,97.55102041,91.14904295,84.34856876,69.37479633,57.14285714,100,21,12,100,2.795897969,0,97.20410203,43.4559825,100,60.0036417,1.25271978,0.250031979,0.180690953,NaN,94.5,81.41176916,18.58823084,9.05,43.4559825,56.5440175,42.85714286,57.14285714,2.448979592,42.85714286,97.55102041,91.14904295,84.34856876,69.37479633,NaN,NaN,NaN,NaN,NaN,NaN,NaN,NaN,NaN,NaN,NaN,NaN,NaN,NaN
moderate,always,30,RUST-NoTier,94.80690119,5.193098811,201.4241612,97.89,12.24,122.4,87.76,82.14285714,99.18367347,57.61904762,0.816326531,42.38095238,99.18367347,96.76388889,84.69960978,71.42317491,57.61904762,100,21,12.1,100,2.833572968,0,97.16642703,45.82224906,100,62.34842107,1.269992507,0.249323105,0.191300928,NaN,91.6,80.97642582,19.02357418,12.24,45.82224906,54.17775094,42.38095238,57.61904762,0.816326531,42.38095238,99.18367347,96.76388889,84.69960978,71.42317491,NaN,NaN,NaN,NaN,NaN,NaN,NaN,NaN,NaN,NaN,NaN,NaN,NaN,NaN
moderate,always,30,RUST-Uniform,92.3479086,7.652091403,206.5635586,95.46,8,80,92,81.85714286,98.7755102,57.61904762,1.224489796,42.38095238,98.7755102,95.05753968,84.63904039,71.03201579,57.61904762,100,21,12.1,100,2.841446421,0,97.15855358,64.14395679,100,77.96722711,2,0.084550977,0.055943712,NaN,84.8,30.42165306,69.57834694,8,64.14395679,35.85604321,42.38095238,57.61904762,1.224489796,42.38095238,98.7755102,95.05753968,84.63904039,71.03201579,NaN,NaN,NaN,NaN,NaN,NaN,NaN,NaN,NaN,NaN,NaN,NaN,NaN,NaN
moderate,always,30,ScalarRep-CumReward,93.13526426,6.864735744,204.8223763,96.08,6.12,61.2,93.88,100,100,0,0,100,100,0,70,0,0,100,21,0,100,2.796075536,0,97.20392446,58.83096096,100,73.51328998,NaN,13.66579202,6.747938346,NaN,92.2,88.92571496,11.07428504,6.12,58.83096096,41.16903904,100,0,0,100,100,0,70,0,NaN,NaN,NaN,NaN,NaN,NaN,NaN,NaN,NaN,NaN,NaN,NaN,NaN,NaN
moderate,always,30,ScalarRep-EMA,90.31980586,9.68019414,209.8525342,93.35,6.12,61.2,93.88,100,100,0,0,100,100,0,70,0,0,100,21,0,100,2.782959425,0,97.21704057,72.04207279,100,83.5544563,NaN,0.045432232,0.086003407,NaN,80.7,0.085644791,99.91435521,6.12,72.04207279,27.95792721,100,0,0,100,100,0,70,0,NaN,NaN,NaN,NaN,NaN,NaN,NaN,NaN,NaN,NaN,NaN,NaN,NaN,NaN
moderate,always,30,Threshold,94.68813189,5.311868109,201.9343672,97.72,11.37,113.7,88.63,85,99.79591837,49.52380952,0.204081633,50.47619048,99.79591837,99.28571429,82.36353066,64.93044087,49.52380952,100,21,10.4,100,2.777407977,0,97.22259202,47.17700422,100,63.31476958,1.237326007,0.255272156,0.179345459,NaN,94.9,85.28134544,14.71865456,11.37,47.17700422,52.82299578,50.47619048,49.52380952,0.204081633,50.47619048,99.79591837,99.28571429,82.36353066,64.93044087,NaN,NaN,NaN,NaN,NaN,NaN,NaN,NaN,NaN,NaN,NaN,NaN,NaN,NaN
moderate,always,30,Threshold-MaxRep,94.69693763,5.303062372,202.07033,97.74,10.88,108.8,89.12,85.42857143,99.59183673,47.61904762,0.408163265,52.38095238,99.59183673,98.23076923,81.75517925,63.14929178,47.61904762,100,21,10,100,2.804196086,0,97.19580391,46.22289079,100,62.22107619,1.190750916,0.253452234,0.174968503,NaN,95.5,85.08409727,14.91590273,10.88,46.22289079,53.77710921,52.38095238,47.61904762,0.408163265,52.38095238,99.59183673,98.23076923,81.75517925,63.14929178,NaN,NaN,NaN,NaN,NaN,NaN,NaN,NaN,NaN,NaN,NaN,NaN,NaN,NaN
moderate,always,30,Threshold-NoTierSel,94.2381727,5.761827302,202.7375572,97.35,12.12,121.2,87.88,83.42857143,98.97959184,52.85714286,1.020408163,47.14285714,98.97959184,95.93217893,83.2228172,67.15963203,52.85714286,100,21,11.1,100,2.789282334,0,97.21071767,50.96323178,100,66.63771814,1.535099345,0.232516839,0.181998801,NaN,91.5,79.82447996,20.17552004,12.12,50.96323178,49.03676822,47.14285714,52.85714286,1.020408163,47.14285714,98.97959184,95.93217893,83.2228172,67.15963203,NaN,NaN,NaN,NaN,NaN,NaN,NaN,NaN,NaN,NaN,NaN,NaN,NaN,NaN
moderate,always,30,Threshold-Uniform,89.73123701,10.26876299,211.3507102,92.85,7.49,74.9,92.51,85.71428571,99.59183673,46.66666667,0.408163265,53.33333333,99.59183673,98.82352941,81.61384389,61.47687721,46.66666667,100,21,9.8,100,2.728012941,0,97.27198706,74.75936762,100,85.43510792,5.800941558,0.08782118,0.065575461,NaN,84.2,30.01866303,69.98133697,7.49,74.75936762,25.24063238,53.33333333,46.66666667,0.408163265,53.33333333,99.59183673,98.82352941,81.61384389,61.47687721,NaN,NaN,NaN,NaN,NaN,NaN,NaN,NaN,NaN,NaN,NaN,NaN,NaN,NaN
moderate,always,50,3VSL-Binary,74.84345535,25.15654465,239.2711555,78.87,8.34,83.4,91.66,100,100,0,0,100,100,0,50,0,0,100,35,0,100,2.713572626,0,97.28642737,91.27048222,100,95.41321406,NaN,0.260239166,0.202844104,NaN,77.9,71.30942376,28.69057624,8.34,91.27048222,8.72951778,100,0,0,100,100,0,50,0,NaN,NaN,NaN,NaN,NaN,NaN,NaN,NaN,NaN,NaN,NaN,NaN,NaN,NaN
moderate,always,50,Beta (BRS),74.83195007,25.16804993,239.3236001,78.84,8.34,83.4,91.66,100,100,0,0,100,100,0,50,0,0,100,35,0,100,2.687592051,0,97.31240795,91.38404278,100,95.47691336,NaN,0.757709719,0.458159244,NaN,74.7,74.64646073,25.35353927,8.34,91.38404278,8.615957218,100,0,0,100,100,0,50,0,NaN,NaN,NaN,NaN,NaN,NaN,NaN,NaN,NaN,NaN,NaN,NaN,NaN,NaN
moderate,always,50,RUST,92.79004052,7.209959475,206.7382855,96.74,30.97,309.7,69.03,73.57142857,98.85714286,51.71428571,1.142857143,48.28571429,98.85714286,97.8385832,67.27828,67.49151473,51.71428571,100,35,18.1,100,2.551745141,0,97.44825486,65.3054076,100,78.78012483,1.276687307,0.234021292,0.181334608,NaN,77.6,75.59748327,24.40251673,30.97,65.3054076,34.6945924,48.28571429,51.71428571,1.142857143,48.28571429,98.85714286,97.8385832,67.27828,67.49151473,NaN,NaN,NaN,NaN,NaN,NaN,NaN,NaN,NaN,NaN,NaN,NaN,NaN,NaN
moderate,always,50,RUST-NoDH,92.96594863,7.034051373,205.6241169,96.74,27.53,275.3,72.47,73,97.71428571,51.71428571,2.285714286,48.28571429,97.71428571,95.80625137,67.02202733,66.99308132,51.71428571,100,35,18.1,100,2.60715127,0,97.39284873,63.65955615,100,77.5259966,1.276687307,0.243827096,0.206272637,NaN,79.1,92.56737374,7.43262626,27.53,63.65955615,36.34044385,48.28571429,51.71428571,2.285714286,48.28571429,97.71428571,95.80625137,67.02202733,66.99308132,NaN,NaN,NaN,NaN,NaN,NaN,NaN,NaN,NaN,NaN,NaN,NaN,NaN,NaN
moderate,always,50,RUST-NoRec,92.84298452,7.157015477,206.0762726,96.71,28.75,287.5,71.25,71.71428571,95.14285714,51.71428571,4.857142857,48.28571429,95.14285714,91.32356739,66.42008333,65.9127134,51.71428571,100,35,18.1,100,2.614747312,0,97.38525269,64.24882868,100,77.98248494,1.276687307,0.215386036,0.172707947,NaN,77.8,69.61303215,30.38696785,28.75,64.24882868,35.75117132,48.28571429,51.71428571,4.857142857,48.28571429,95.14285714,91.32356739,66.42008333,65.9127134,NaN,NaN,NaN,NaN,NaN,NaN,NaN,NaN,NaN,NaN,NaN,NaN,NaN,NaN
moderate,always,50,RUST-NoTier,92.76189911,7.238100894,206.9530455,96.77,31.73,317.3,68.27,73.42857143,98.57142857,51.71428571,1.428571429,48.28571429,98.57142857,97.31226741,67.21417743,67.36572857,51.71428571,100,35,18.1,100,2.564685183,0,97.43531482,65.17911134,100,78.66268147,1.276687307,0.222251266,0.178943941,NaN,74.5,71.90020957,28.09979043,31.73,65.17911134,34.82088866,48.28571429,51.71428571,1.428571429,48.28571429,98.57142857,97.31226741,67.21417743,67.36572857,NaN,NaN,NaN,NaN,NaN,NaN,NaN,NaN,NaN,NaN,NaN,NaN,NaN,NaN
moderate,always,50,RUST-Uniform,88.24460043,11.75539957,214.3205881,93.05,25.28,252.8,74.72,72.85714286,97.42857143,51.71428571,2.571428571,48.28571429,97.42857143,95.38311018,66.95793069,66.86728574,51.71428571,100,35,18.1,100,2.642975174,0,97.35702483,79.33420003,100,88.43932561,2,0.081252919,0.047777067,NaN,58.1,20.26212732,79.73787268,25.28,79.33420003,20.66579997,48.28571429,51.71428571,2.571428571,48.28571429,97.42857143,95.38311018,66.95793069,66.86728574,NaN,NaN,NaN,NaN,NaN,NaN,NaN,NaN,NaN,NaN,NaN,NaN,NaN,NaN
moderate,always,50,ScalarRep-CumReward,74.16686723,25.83313277,240.6164032,78.19,8.34,83.4,91.66,100,100,0,0,100,100,0,50,0,0,100,35,0,100,2.652618331,0,97.34738167,91.74840765,100,95.67547718,NaN,8.90702298,7.19593137,NaN,70.8,70.88187098,29.11812902,8.34,91.74840765,8.251592353,100,0,0,100,100,0,50,0,NaN,NaN,NaN,NaN,NaN,NaN,NaN,NaN,NaN,NaN,NaN,NaN,NaN,NaN
moderate,always,50,ScalarRep-EMA,72.79086905,27.20913095,243.1774719,76.92,8.34,83.4,91.66,100,100,0,0,100,100,0,50,0,0,100,35,0,100,2.692355672,0,97.30764433,92.2942488,100,95.97904313,NaN,0.137191849,0.093002111,NaN,61.5,0.09845088,99.90154912,8.34,92.2942488,7.705751204,100,0,0,100,100,0,50,0,NaN,NaN,NaN,NaN,NaN,NaN,NaN,NaN,NaN,NaN,NaN,NaN,NaN,NaN
moderate,always,50,Threshold,88.53692665,11.46307335,214.3108028,93.49,28.07,280.7,71.93,74.71428571,99.14285714,49.71428571,0.857142857,50.28571429,99.14285714,98.46590909,66.4720072,65.7983204,49.71428571,100,35,17.4,100,2.606348844,0,97.39365116,77.0911476,100,86.71455896,2.661390056,0.210691127,0.176101414,NaN,77.8,72.16524463,27.83475537,28.07,77.0911476,22.9088524,50.28571429,49.71428571,0.857142857,50.28571429,99.14285714,98.46590909,66.4720072,65.7983204,NaN,NaN,NaN,NaN,NaN,NaN,NaN,NaN,NaN,NaN,NaN,NaN,NaN,NaN
moderate,always,50,Threshold-MaxRep,88.98807632,11.01192368,213.2391893,93.82,27.49,274.9,72.51,74.42857143,99.14285714,50.28571429,0.857142857,49.71428571,99.14285714,98.5645933,66.71982891,66.31808476,50.28571429,100,35,17.6,100,2.660233581,0,97.33976642,75.0028897,100,85.24396779,2.808730159,0.209760941,0.175165827,NaN,79.8,72.02077003,27.97922997,27.49,75.0028897,24.9971103,49.71428571,50.28571429,0.857142857,49.71428571,99.14285714,98.5645933,66.71982891,66.31808476,NaN,NaN,NaN,NaN,NaN,NaN,NaN,NaN,NaN,NaN,NaN,NaN,NaN,NaN
moderate,always,50,Threshold-NoTierSel,88.84230789,11.15769211,213.5930582,93.88,29.8,298,70.2,73.57142857,98.57142857,51.42857143,1.428571429,48.57142857,98.57142857,97.38403775,67.08678032,67.11535158,51.42857143,100,35,18,100,2.628498816,0,97.37150118,76.51709633,100,86.38298995,3.229721854,0.200157457,0.175732167,NaN,74.1,69.22204657,30.77795343,29.8,76.51709633,23.48290367,48.57142857,51.42857143,1.428571429,48.57142857,98.57142857,97.38403775,67.08678032,67.11535158,NaN,NaN,NaN,NaN,NaN,NaN,NaN,NaN,NaN,NaN,NaN,NaN,NaN,NaN
moderate,always,50,Threshold-Uniform,82.35955202,17.64044798,226.304733,88.22,23.15,231.5,76.85,73.85714286,99.42857143,51.71428571,0.571428571,48.28571429,99.42857143,98.92045455,67.40769461,67.7406681,51.71428571,100,35,18.1,100,2.668343797,0,97.3316562,86.83364858,100,92.92785837,6.499288417,0.085526325,0.060319204,NaN,57.3,18.42911585,81.57088415,23.15,86.83364858,13.16635142,48.28571429,51.71428571,0.571428571,48.28571429,99.42857143,98.92045455,67.40769461,67.7406681,NaN,NaN,NaN,NaN,NaN,NaN,NaN,NaN,NaN,NaN,NaN,NaN,NaN,NaN
moderate,firsthalf,0,3VSL-Binary,97.20947658,2.790523424,195.7231807,100,0.74,7.4,99.26,100,100,NaN,0,NaN,100,NaN,NaN,NaN,NaN,0,0,0,0,2.790523424,0,97.20947658,0,100,0,NaN,NaN,NaN,NaN,100,96.79721359,3.20278641,0.74,0,100,NaN,NaN,0,NaN,100,NaN,NaN,NaN,96.5,100,96.48,100,0.02,0,0,0,NaN,100,100,0,NaN,NaN
moderate,firsthalf,0,Beta (BRS),97.20947658,2.790523424,195.7231807,100,0.74,7.4,99.26,100,100,NaN,0,NaN,100,NaN,NaN,NaN,NaN,0,0,0,0,2.790523424,0,97.20947658,0,100,0,NaN,NaN,NaN,NaN,100,96.36298377,3.637016235,0.74,0,100,NaN,NaN,0,NaN,100,NaN,NaN,NaN,96.5,100,96.48,100,0.02,0,0,0,NaN,100,100,0,NaN,NaN
moderate,firsthalf,0,RUST,97.20968602,2.790313979,195.6699828,100,1.08,10.8,98.92,99.42857143,99.42857143,NaN,0.571428571,NaN,99.42857143,NaN,NaN,NaN,NaN,0,0,0,0,2.790313979,0,97.20968602,0,100,0,NaN,NaN,NaN,NaN,100,95.15791874,4.842081258,1.08,0,100,NaN,NaN,0.571428571,NaN,99.42857143,NaN,NaN,NaN,96.38,100,95.94,100,0.44,0,0,0,NaN,100,100,0,NaN,NaN
moderate,firsthalf,0,RUST-NoDH,97.2092121,2.790787901,195.7196746,100,0.75,7.5,99.25,99.57142857,99.57142857,NaN,0.428571429,NaN,99.57142857,NaN,NaN,NaN,NaN,0,0,0,0,2.790787901,0,97.2092121,0,100,0,NaN,NaN,NaN,NaN,100,97.91498248,2.085017522,0.75,0,100,NaN,NaN,0.428571429,NaN,99.57142857,NaN,NaN,NaN,96.5,100,96.46,100,0.04,0,0,0,NaN,100,100,0,NaN,NaN
moderate,firsthalf,0,RUST-NoRec,97.20898741,2.791012595,195.7182885,100,0.76,7.6,99.24,99,99,NaN,1,NaN,99,NaN,NaN,NaN,NaN,0,0,0,0,2.791012595,0,97.20898741,0,100,0,NaN,NaN,NaN,NaN,100,93.24924045,6.750759549,0.76,0,100,NaN,NaN,1,NaN,99,NaN,NaN,NaN,96.5,100,96.44,100,0.06,0,0,0,NaN,100,100,0,NaN,NaN
moderate,firsthalf,0,RUST-NoTier,97.20941215,2.790587854,195.6215625,100,1.43,14.3,98.57,98.85714286,98.85714286,NaN,1.142857143,NaN,98.85714286,NaN,NaN,NaN,NaN,0,0,0,0,2.790587854,0,97.20941215,0,100,0,NaN,NaN,NaN,NaN,100,85.70258148,14.29741852,1.43,0,100,NaN,NaN,1.142857143,NaN,98.85714286,NaN,NaN,NaN,95.94,100,95.7,100,0.24,0,0,0,NaN,100,100,0,NaN,NaN
moderate,firsthalf,0,RUST-Uniform,97.20809871,2.791901289,195.7158235,100,0.78,7.8,99.22,98.71428571,98.71428571,NaN,1.285714286,NaN,98.71428571,NaN,NaN,NaN,NaN,0,0,0,0,2.791901289,0,97.20809871,0,100,0,NaN,NaN,NaN,NaN,100,40.4792622,59.5207378,0.78,0,100,NaN,NaN,1.285714286,NaN,98.71428571,NaN,NaN,NaN,96.46,100,96.44,100,0.02,0,0,0,NaN,100,100,0,NaN,NaN
moderate,firsthalf,0,ScalarRep-CumReward,97.20947658,2.790523424,195.7231807,100,0.74,7.4,99.26,100,100,NaN,0,NaN,100,NaN,NaN,NaN,NaN,0,0,0,0,2.790523424,0,97.20947658,0,100,0,NaN,NaN,NaN,NaN,100,91.90996982,8.090030184,0.74,0,100,NaN,NaN,0,NaN,100,NaN,NaN,NaN,96.5,100,96.48,100,0.02,0,0,0,NaN,100,100,0,NaN,NaN
moderate,firsthalf,0,ScalarRep-EMA,97.20947658,2.790523424,195.7231807,100,0.74,7.4,99.26,100,100,NaN,0,NaN,100,NaN,NaN,NaN,NaN,0,0,0,0,2.790523424,0,97.20947658,0,100,0,NaN,NaN,NaN,NaN,100,0.161290732,99.83870927,0.74,0,100,NaN,NaN,0,NaN,100,NaN,NaN,NaN,96.5,100,96.48,100,0.02,0,0,0,NaN,100,100,0,NaN,NaN
moderate,firsthalf,0,Threshold,97.20968602,2.790313979,195.6699828,100,1.08,10.8,98.92,99.57142857,99.57142857,NaN,0.428571429,NaN,99.57142857,NaN,NaN,NaN,NaN,0,0,0,0,2.790313979,0,97.20968602,0,100,0,NaN,NaN,NaN,NaN,100,95.15791874,4.842081258,1.08,0,100,NaN,NaN,0.428571429,NaN,99.57142857,NaN,NaN,NaN,96.38,100,95.94,100,0.44,0,0,0,NaN,100,100,0,NaN,NaN
moderate,firsthalf,0,Threshold-MaxRep,97.20517093,2.794829066,195.6723707,100,0.89,8.9,99.11,99.57142857,99.57142857,NaN,0.428571429,NaN,99.57142857,NaN,NaN,NaN,NaN,0,0,0,0,2.794829066,0,97.20517093,0,100,0,NaN,NaN,NaN,NaN,100,95.03637055,4.963629446,0.89,0,100,NaN,NaN,0.428571429,NaN,99.57142857,NaN,NaN,NaN,96.46,100,96.22,100,0.24,0,0,0,NaN,100,100,0,NaN,NaN
moderate,firsthalf,0,Threshold-NoTierSel,97.20941215,2.790587854,195.6215625,100,1.43,14.3,98.57,99.28571429,99.28571429,NaN,0.714285714,NaN,99.28571429,NaN,NaN,NaN,NaN,0,0,0,0,2.790587854,0,97.20941215,0,100,0,NaN,NaN,NaN,NaN,100,84.97146899,15.02853101,1.43,0,100,NaN,NaN,0.714285714,NaN,99.28571429,NaN,NaN,NaN,95.94,100,95.7,100,0.24,0,0,0,NaN,100,100,0,NaN,NaN
moderate,firsthalf,0,Threshold-Uniform,97.20809871,2.791901289,195.7158235,100,0.78,7.8,99.22,99.42857143,99.42857143,NaN,0.571428571,NaN,99.42857143,NaN,NaN,NaN,NaN,0,0,0,0,2.791901289,0,97.20809871,0,100,0,NaN,NaN,NaN,NaN,100,40.34787834,59.65212166,0.78,0,100,NaN,NaN,0.571428571,NaN,99.42857143,NaN,NaN,NaN,96.46,100,96.44,100,0.02,0,0,0,NaN,100,100,0,NaN,NaN
moderate,firsthalf,10,3VSL-Binary,96.89793692,3.102063075,197.1107489,99.8,2.31,23.1,97.69,100,100,0,0,100,100,0,90,0,0,100,7,0,34,3.005861869,46,96.99413813,3.109568592,99.89383789,5.643036639,NaN,0.206631913,0.142315989,NaN,100,95.80445001,4.195549985,2.31,3.109568592,96.89043141,100,0,0,100,100,0,90,0,94.26,99.8,95.06,99.8,-0.8,1.42E-15,1,1,0.666666667,99.7,99.7,0,NaN,11.8
moderate,firsthalf,10,Beta (BRS),96.88748216,3.112517836,197.1503244,99.72,2.31,23.1,97.69,100,100,0,0,100,100,0,90,0,0,100,7,0,21.23809524,3.008482728,58.76190476,96.99151727,3.320728291,99.81979034,5.693283899,NaN,0.300835793,0.185787539,NaN,99.4,96.22321196,3.776788035,2.31,3.320728291,96.67927171,100,0,0,100,100,0,90,0,94.26,99.66,95.04,99.78,-0.78,-0.12,1.7,1.1,0.529166667,99.7,99.8,0.1,NaN,12.36944444
moderate,firsthalf,10,RUST,96.87787153,3.122128471,197.0493822,99.7,3.27,32.7,96.73,97.85714286,99.04761905,12.85714286,0.952380952,87.14285714,99.04761905,46.66666667,91.10496749,19.83333333,12.85714286,100,7,0.9,32,3.017521725,48,96.98247828,3.532157577,99.7964599,6.268266643,1.25,0.283794867,0.168266008,NaN,99.7,93.07393923,6.926060767,3.27,3.532157577,96.46784242,87.14285714,12.85714286,0.952380952,87.14285714,99.04761905,46.66666667,91.10496749,19.83333333,93.72,99.62,93.7,99.78,0.02,-0.16,1.9,1.1,0.630952381,99.6,99.9,0.3,154.1666667,26.51587302
moderate,firsthalf,10,RUST-NoDH,96.88474693,3.115253073,197.1023917,99.73,2.41,24.1,97.59,97.57142857,98.57142857,11.42857143,1.428571429,88.57142857,98.57142857,38.33333333,90.93156977,17.16666667,11.42857143,100,7,0.8,34.5952381,3.010845894,45.4047619,96.98915411,3.466711449,99.83000378,6.221685972,1.1,0.226358854,0.173292279,NaN,99.7,97.30611479,2.693885215,2.41,3.466711449,96.53328855,88.57142857,11.42857143,1.428571429,88.57142857,98.57142857,38.33333333,90.93156977,17.16666667,94.18,99.68,94.92,99.78,-0.74,-0.1,1.6,1.1,0.976190476,99.5,99.8,0.3,178.3,29.39365079
moderate,firsthalf,10,RUST-NoRec,96.88384763,3.116152369,197.1343833,99.66,2.43,24.3,97.57,97.28571429,98.73015873,15.71428571,1.26984127,84.28571429,98.73015873,55,91.34514766,23.66666667,15.71428571,100,7,1.1,30.5952381,3.003233046,49.4047619,96.99676695,3.874939875,99.76657258,6.701256857,1.714285714,0.261872344,0.153823595,NaN,99.7,90.25355899,9.746441008,2.43,3.874939875,96.12506013,84.28571429,15.71428571,1.26984127,84.28571429,98.73015873,55,91.34514766,23.66666667,94.16,99.56,94.9,99.76,-0.74,-0.2,2.2,1.2,0.5,99.6,99.9,0.3,185.9285714,27.80952381
moderate,firsthalf,10,RUST-NoTier,96.82447651,3.175523487,197.0901129,99.39,3.64,36.4,96.36,97.14285714,99.04761905,20,0.952380952,80,99.04761905,73,91.78270706,29.72222222,20,100,7,1.4,27.18253968,3.007471849,72.81746032,96.99252815,5.793921242,99.53820128,9.507177002,1.638888889,0.246724319,0.174227699,NaN,99,84.19018976,15.80981024,3.64,5.793921242,94.20607876,80,20,0.952380952,80,99.04761905,73,91.78270706,29.72222222,93.28,99.14,93.32,99.64,-0.04,-0.5,4.3,1.8,0.503452381,99.5,99.5,0,238.9722222,31.26753968
moderate,firsthalf,10,RUST-Uniform,96.60959898,3.390401018,197.6446234,98.94,2.33,23.3,97.67,97.57142857,98.88888889,14.28571429,1.111111111,85.71428571,98.88888889,46.66666667,91.22788233,21.38888889,14.28571429,100,7,1,36.37100619,3.023121042,63.62899381,96.97687896,11.22770041,99.28772282,16.69567691,3.75,0.026294287,0.022100431,NaN,98.5,35.87782082,64.12217918,2.33,11.22770041,88.77229959,85.71428571,14.28571429,1.111111111,85.71428571,98.88888889,46.66666667,91.22788233,21.38888889,94.28,98.66,94.44,99.22,-0.16,-0.56,6.7,3.9,0.652380952,98.7,99.7,1,248.2222222,31.49079365
moderate,firsthalf,10,ScalarRep-CumReward,96.88762765,3.112372353,197.1326235,99.71,2.31,23.1,97.69,100,100,0,0,100,100,0,90,0,0,100,7,0,20.83333333,3.008682538,59.16666667,96.99131746,3.385860927,99.80930681,5.817238715,NaN,14.61548761,5.714313163,NaN,99.4,91.70901925,8.290980746,2.31,3.385860927,96.61413907,100,0,0,100,100,0,90,0,94.26,99.64,95.04,99.78,-0.78,-0.14,1.8,1.1,0.5,99.6,99.8,0.2,NaN,11.96666667
moderate,firsthalf,10,ScalarRep-EMA,96.41598112,3.584018879,197.8968718,97.11,2.31,23.1,97.69,100,100,0,0,100,100,0,90,0,0,100,7,0,22.84615489,3.006252799,77.15384511,96.9937472,18.04936098,97.61633863,19.44424368,NaN,-0.043270926,0.029773482,NaN,96.8,0.112962767,99.88703723,2.31,18.04936098,81.95063902,100,0,0,100,100,0,90,0,94.26,95.36,94.12,98.86,0.14,-3.5,23.2,5.7,0.26607465,96.9,99.7,2.8,NaN,9.767910833
moderate,firsthalf,10,Threshold,96.8775157,3.122484303,197.038563,99.7,3.28,32.8,96.72,98,99.20634921,12.85714286,0.793650794,87.14285714,99.20634921,46.66666667,91.11946024,19.83333333,12.85714286,100,7,0.9,32,3.017877557,48,96.98212244,3.532157577,99.7964599,6.268266643,1.25,0.267227988,0.157887924,NaN,99.7,93.06291453,6.937085473,3.28,3.532157577,96.46784242,87.14285714,12.85714286,0.793650794,87.14285714,99.20634921,46.66666667,91.11946024,19.83333333,93.7,99.62,93.7,99.78,0,-0.16,1.9,1.1,0.630952381,99.6,99.9,0.3,154.1666667,26.51587302
moderate,firsthalf,10,Threshold-MaxRep,96.88589848,3.114101516,197.0073065,99.79,3.01,30.1,96.99,98.14285714,99.20634921,11.42857143,0.793650794,88.57142857,99.20634921,41.66666667,90.98644883,17.61111111,11.42857143,100,7,0.8,30.66666667,3.017251745,49.33333333,96.98274826,3.137977683,99.88253944,5.647759104,1.3,0.258487055,0.148775097,NaN,100,92.95954267,7.040457333,3.01,3.137977683,96.86202232,88.57142857,11.42857143,0.793650794,88.57142857,99.20634921,41.66666667,90.98644883,17.61111111,93.9,99.78,94.04,99.8,-0.14,-0.02,1.1,1,0.857142857,99.7,99.7,0,251.3,30.87619048
moderate,firsthalf,10,Threshold-NoTierSel,96.80330757,3.196692435,197.1074927,99.35,3.65,36.5,96.35,97.28571429,99.20634921,20,0.793650794,80,99.20634921,74.66666667,91.79943926,29.55555556,20,100,7,1.4,29.07539683,2.998467464,70.92460317,97.00153254,6.752151278,99.52721757,10.88048996,1.583333333,0.231997036,0.167223696,NaN,99,83.85695987,16.14304013,3.65,6.752151278,93.24784872,80,20,0.793650794,80,99.20634921,74.66666667,91.79943926,29.55555556,93.26,99.12,93.28,99.58,-0.02,-0.46,4.4,2.1,0.531785714,99.4,99.5,0.1,235.1111111,30.96309524
moderate,firsthalf,10,Threshold-Uniform,96.59910459,3.400895415,197.6432192,98.92,2.34,23.4,97.66,99.71428571,99.84126984,1.428571429,0.158730159,98.57142857,99.84126984,10,90.11594203,2.5,1.428571429,100,7,0.1,37.91862523,3.01373568,62.08137477,96.98626432,11.87137857,99.28762402,17.64855286,3,0.026953738,0.023635631,NaN,98.5,35.76097392,64.23902608,2.34,11.87137857,88.12862143,98.57142857,1.428571429,0.158730159,98.57142857,99.84126984,10,90.11594203,2.5,94.26,98.66,94.42,99.18,-0.16,-0.52,6.7,4.1,0.702380952,98.7,99.6,0.9,332,18.75968254
moderate,firsthalf,30,3VSL-Binary,95.24064945,4.759350549,200.365346,95.69,5.59,55.9,94.41,100,100,0,0,100,100,0,70,0,0,100,21,0,41.99151666,2.995113696,58.00848334,97.0048863,38.73924983,97.188223,39.65258959,NaN,0.170248435,0.170982124,NaN,94.7,90.41823705,9.581762947,5.59,38.73924983,61.26075017,100,0,0,100,100,0,70,0,92.14,94.9,87.7,96.48,4.44,-1.58,25.5,17.6,0.741698161,95.3,96.5,1.2,NaN,16.62830268
moderate,firsthalf,30,Beta (BRS),95.33761947,4.662380526,200.2391399,95.33,5.59,55.9,94.41,100,100,0,0,100,100,0,70,0,0,100,21,0,37.04494048,2.973967499,62.95505952,97.0260325,38.31704584,96.72198279,37.16664798,NaN,0.229056567,0.190800791,NaN,91,95.60273055,4.397269455,5.59,38.31704584,61.68295416,100,0,0,100,100,0,70,0,92.14,93.98,87.88,96.68,4.26,-2.7,30.1,16.6,0.567103664,95.8,96.6,0.8,NaN,13.45172774
moderate,firsthalf,30,RUST,95.78684761,4.213152393,198.7838989,96.31,10.09,100.9,89.91,92.71428571,99.3877551,22.85714286,0.612244898,77.14285714,99.3877551,93.80952381,75.07140357,36.31758242,22.85714286,100,21,4.8,30.66035711,3.069647903,69.33964289,96.9303521,29.29580835,97.02583067,29.43864348,4.275,0.195315543,0.170426345,NaN,94.2,84.12747437,15.87252563,10.09,29.29580835,70.70419165,77.14285714,22.85714286,0.612244898,77.14285714,99.3877551,93.80952381,75.07140357,36.31758242,89.28,94.84,82.96,97.78,6.32,-2.94,25.8,11.1,0.444855896,96.6,98.6,2,199.5516667,32.70115382
moderate,firsthalf,30,RUST-NoDH,95.50820139,4.491798611,200.000479,95.85,6.26,62.6,93.74,87,99.18367347,41.42857143,0.816326531,58.57142857,99.18367347,95.27777778,79.89805986,57.1390458,41.42857143,100,21,8.7,37.27949005,3.001869551,62.72050995,96.99813045,35.99186988,97.05495728,36.21397566,4.137894605,0.146662639,0.176317284,NaN,95.1,93.22361335,6.776386649,6.26,35.99186988,64.00813012,58.57142857,41.42857143,0.816326531,58.57142857,99.18367347,95.27777778,79.89805986,57.1390458,92.1,94.7,86.96,97,5.14,-2.3,26.5,15,0.585976032,95.5,98.5,3,211.9195105,39.17101146
moderate,firsthalf,30,RUST-NoRec,95.55469888,4.445301119,199.67448,95.36,6.61,66.1,93.39,84.57142857,98.36734694,47.61904762,1.632653061,52.38095238,98.36734694,92.999778,81.5035647,62.45134728,47.61904762,100,21,10,32.10825247,3.029685394,67.89174753,96.97031461,34.96627892,96.42601106,33.04342533,3.641816794,0.194461167,0.176103027,NaN,93.8,78.67238033,21.32761967,6.61,34.96627892,65.03372108,52.38095238,47.61904762,1.632653061,52.38095238,98.36734694,92.999778,81.5035647,62.45134728,92.04,93.6,86.44,97.12,5.6,-3.52,32,14.4,0.476292022,95.3,98.8,3.5,197.0776246,36.54855032
moderate,firsthalf,30,RUST-NoTier,95.93266994,4.067330061,198.5267786,95.79,11.02,110.2,88.98,95.71428571,99.3877551,12.85714286,0.612244898,87.14285714,99.3877551,92.16666667,72.70565319,22.100902,12.85714286,100,21,2.7,23.15386972,3.100104132,76.84613028,96.89989587,26.66627909,96.21019192,24.38132708,7.733333333,0.17283665,0.163320566,NaN,90.2,77.99221157,22.00778843,11.02,26.66627909,73.33372091,87.14285714,12.85714286,0.612244898,87.14285714,99.3877551,92.16666667,72.70565319,22.100902,88.04,93.46,82.68,98.12,5.36,-4.66,32.7,9.4,0.287114596,96.8,99.4,2.6,155.1166667,26.08746549
moderate,firsthalf,30,RUST-Uniform,93.19376962,6.806230382,204.34411,89.1,5.92,59.2,94.08,83.71428571,98.7755102,51.42857143,1.224489796,48.57142857,98.7755102,95.17882118,82.65858073,66.33868535,51.42857143,100,21,10.8,35.48093648,3.064483738,64.51906352,96.93551626,59.87817516,91.93311165,44.41108453,8.29957265,0.022973311,0.038596809,NaN,85.4,26.0808078,73.9191922,5.92,59.87817516,40.12182484,48.57142857,51.42857143,1.224489796,48.57142857,98.7755102,95.17882118,82.65858073,66.33868535,92.12,85.66,83.24,92.54,8.88,-6.88,71.7,37.3,0.522513959,88.9,96.3,7.4,203.9290695,40.4502197
moderate,firsthalf,30,ScalarRep-CumReward,95.18981826,4.81018174,200.6168475,95.23,5.59,55.9,94.41,100,100,0,0,100,100,0,70,0,0,100,21,0,38.71699997,2.988725914,61.28300003,97.01127409,39.21635929,96.74601784,38.26846904,NaN,11.52250088,6.408819309,NaN,90.7,90.3888763,9.611123699,5.59,39.21635929,60.78364071,100,0,0,100,100,0,70,0,92.14,94.06,87.6,96.4,4.54,-2.34,29.7,18,0.619700292,96.1,96.2,0.1,NaN,13.86167154
moderate,firsthalf,30,ScalarRep-EMA,94.53152415,5.46847585,201.6979754,85.38,5.59,55.9,94.41,100,100,0,0,100,100,0,70,0,0,100,21,0,18.28468734,3.083027988,81.71531266,96.91697201,51.7519129,86.62114003,26.98597882,NaN,-0.013998134,0.055052505,NaN,78.3,0.147922941,99.85207706,5.59,51.7519129,48.2480871,100,0,0,100,100,0,70,0,92.14,75.7,86.36,95.06,5.78,-19.36,121.5,24.7,0.200165568,89.9,96.3,6.4,NaN,11.06942613
moderate,firsthalf,30,Threshold,95.67495407,4.325045933,199.1049578,96.2,10.06,100.6,89.94,95.57142857,99.3877551,13.33333333,0.612244898,86.66666667,99.3877551,90.5,72.80264555,23.08561873,13.33333333,100,21,2.8,32.50459943,3.072887618,67.49540057,96.92711238,31.10797556,97.01201641,31.26052378,2.408333333,0.181210194,0.158555358,NaN,94.2,84.06744452,15.93255548,10.06,31.10797556,68.89202444,86.66666667,13.33333333,0.612244898,86.66666667,99.3877551,90.5,72.80264555,23.08561873,89.28,94.82,82.82,97.58,6.46,-2.76,25.9,12.1,0.486658655,96.5,98.6,2.1,186.5,30.96875536
moderate,firsthalf,30,Threshold-MaxRep,95.88990513,4.110094875,198.8359761,96.71,9.51,95.1,90.49,94.14285714,99.79591837,19.04761905,0.204081633,80.95238095,99.79591837,97.5,74.25748772,31.07077673,19.04761905,100,21,4,32.52031693,3.035602502,67.47968307,96.9643975,28.06275428,97.42767893,29.54920044,1.9,0.189532435,0.156245044,NaN,94.1,83.82175062,16.17824938,9.51,28.06275428,71.93724572,80.95238095,19.04761905,0.204081633,80.95238095,99.79591837,97.5,74.25748772,31.07077673,89.8,95.46,83.74,97.96,6.06,-2.5,22.7,10.2,0.47583633,97.1,98.7,1.6,216.8791667,34.77893883
moderate,firsthalf,30,Threshold-NoTierSel,95.69764941,4.302350593,198.9687555,95.56,10.93,109.3,89.07,97.42857143,99.59183673,7.619047619,0.408163265,92.38095238,99.59183673,71.66666667,71.56896464,13.6627141,7.619047619,100,21,1.6,26.52165995,3.093729932,73.47834005,96.90627007,30.49776018,96.19284516,27.96010554,7.145833333,0.163693278,0.156140976,NaN,90.2,77.82933562,22.17066438,10.93,30.49776018,69.50223982,92.38095238,7.619047619,0.408163265,92.38095238,99.59183673,71.66666667,71.56896464,13.6627141,88.04,93.44,82.44,97.68,5.6,-4.24,32.8,11.6,0.352669553,96.7,98.7,2,210.0625,27.03115922
moderate,firsthalf,30,Threshold-Uniform,92.64261858,7.357381422,205.4177281,88.55,5.76,57.6,94.24,96.28571429,99.79591837,11.9047619,0.204081633,88.0952381,99.79591837,96.66666667,72.56791784,20.87843316,11.9047619,100,21,2.5,38.20329476,3.068077114,61.79670524,96.93192289,62.61242274,91.88486355,47.33220678,11.5,0.025310578,0.040325614,NaN,85.4,25.71868885,74.28131115,5.76,62.61242274,37.38757726,88.0952381,11.9047619,0.204081633,88.0952381,99.79591837,96.66666667,72.56791784,20.87843316,92.14,85.64,82.48,91.46,9.66,-5.82,71.8,42.7,0.594493545,88.7,93.1,4.4,326.5066667,46.17489242
moderate,firsthalf,50,3VSL-Binary,84.78690841,15.21309159,218.0306477,74.59,8.12,81.2,91.88,100,100,0,0,100,100,0,50,0,0,100,35,0,46.38686256,3.296588654,53.61313744,96.70341135,84.07896953,82.45663941,59.75490783,NaN,0.163271587,0.180678234,NaN,72.9,73.09412699,26.90587301,8.12,84.07896953,15.92103047,100,0,0,100,100,0,50,0,88.5,71.68,67.3,77.5,21.2,-5.82,141.6,112.5,0.796611654,73.3,78.5,5.2,NaN,20.78352757
moderate,firsthalf,50,Beta (BRS),82.67003109,17.32996891,222.1363042,62.88,8.12,81.2,91.88,100,100,0,0,100,100,0,50,0,0,100,35,0,38.06539816,3.342822148,61.93460184,96.65717785,88.15284022,69.53053416,53.08385064,NaN,0.097129166,0.193765299,NaN,53.9,94.20103496,5.798965041,8.12,88.15284022,11.84715978,100,0,0,100,100,0,50,0,88.5,52.22,63.42,73.54,25.08,-21.32,238.9,132.3,0.559771913,61.2,78,16.8,NaN,31.08953189
moderate,firsthalf,50,RUST,94.68378285,5.316217149,198.5476467,91.09,27.68,276.8,72.32,93.71428571,99.71428571,12.28571429,0.285714286,87.71428571,99.71428571,98,53.25704926,21.29404062,12.28571429,100,35,4.3,19.09931948,3.287438504,80.90068052,96.7125615,44.56419417,89.55201103,26.6122156,14.24583333,0.136152424,0.157128453,NaN,74.6,72.85191999,27.14808001,27.68,44.56419417,55.43580583,87.71428571,12.28571429,0.285714286,87.71428571,99.71428571,98,53.25704926,21.29404062,74.74,85.14,62.18,97.04,12.56,-11.9,74.3,14.8,0.192219244,91,100,9,64.71166667,17.83187629
moderate,firsthalf,50,RUST-NoDH,91.98746394,8.012536056,203.9173532,81.88,16.41,164.1,83.59,73.42857143,99.14285714,52.28571429,0.857142857,47.71428571,99.14285714,98.49282297,67.56253024,68.19350792,52.28571429,100,35,18.3,24.94196329,3.285345371,75.05803671,96.71465463,67.44418145,82.25816786,36.37501497,9.139733894,0.123407002,0.175158988,NaN,73.3,85.24609451,14.75390549,16.41,67.44418145,32.55581855,47.71428571,52.28571429,0.857142857,47.71428571,99.14285714,98.49282297,67.56253024,68.19350792,87.36,71.76,66.44,92,20.92,-20.24,141.2,40,0.281238666,78.2,99.6,21.4,92.91004669,31.34198399
moderate,firsthalf,50,RUST-NoRec,93.57636733,6.423632673,200.7241634,83.54,18.71,187.1,81.29,72.28571429,96.85714286,52.28571429,3.142857143,47.71428571,96.85714286,94.30276449,67.03084465,67.22217876,52.28571429,100,35,18.3,18.88141605,3.264811023,81.11858395,96.73518898,59.3116072,82.37181725,28.55297076,8.574677871,0.164973933,0.166774785,NaN,71.8,61.27620068,38.72379932,18.71,59.3116072,40.6883928,47.71428571,52.28571429,3.142857143,47.71428571,96.85714286,94.30276449,67.03084465,67.22217876,86.8,72.12,65.34,94.96,21.46,-22.84,139.4,25.2,0.180756102,83.3,100,16.7,57.86725122,21.86156852
moderate,firsthalf,50,RUST-NoTier,94.70163562,5.298364378,198.5723537,90.64,28.53,285.3,71.47,93.57142857,100,12.85714286,0,87.14285714,100,100,53.48724494,22.28528247,12.85714286,100,35,4.5,18.03937078,3.281069759,81.96062922,96.71893024,44.91398603,88.75414494,25.64424107,14.39666667,0.127958775,0.155828212,NaN,69.8,68.29594496,31.70405504,28.53,44.91398603,55.08601397,87.14285714,12.85714286,0,87.14285714,100,100,53.48724494,22.28528247,73.28,84.16,62.06,97.12,11.22,-12.96,79.2,14.4,0.1745969,90.5,100,9.5,54.58,16.52061499
moderate,firsthalf,50,RUST-Uniform,88.67993367,11.32006633,210.2604792,70.32,14.59,145.9,85.41,73.42857143,99.14285714,52.28571429,0.857142857,47.71428571,99.14285714,98.52380952,67.55826545,68.19979078,52.28571429,100,35,18.3,26.40062256,3.302431657,73.59937744,96.69756834,80.81881009,71.03210548,39.75396913,14.25153595,0.014407197,0.035920418,NaN,54.8,12.51734133,87.48265867,14.59,80.81881009,19.18118991,47.71428571,52.28571429,0.857142857,47.71428571,99.14285714,98.52380952,67.55826545,68.19979078,88.5,54.54,63,86.1,25.5,-31.56,227.3,69.5,0.307742319,59.1,99.9,40.8,76.373979,42.51223585
moderate,firsthalf,50,ScalarRep-CumReward,74.06322782,25.93677218,238.0027365,54.69,8.12,81.2,91.88,100,100,0,0,100,100,0,50,0,0,100,35,0,49.07483615,3.209630226,50.92516385,96.79036977,93.10129112,65.57733866,64.25572035,NaN,34.0939299,18.22104499,NaN,52.2,89.25829771,10.74170229,8.12,93.10129112,6.898708884,100,0,0,100,100,0,50,0,88.5,52.1,47.6,57.28,40.9,-5.18,239.5,213.6,0.889518723,49.5,61.8,12.3,NaN,46.91072832
moderate,firsthalf,50,ScalarRep-EMA,84.42746158,15.57253842,218.5601001,65.39,8.12,81.2,91.88,100,100,0,0,100,100,0,50,0,0,100,35,0,35.89319605,3.187402206,64.10680395,96.81259779,86.93784528,71.40037773,50.78420725,NaN,0.033551146,0.091605425,NaN,53.3,0.119950413,99.88004959,8.12,86.93784528,13.06215472,100,0,0,100,100,0,50,0,88.5,53.96,66.64,76.82,21.86,-22.86,230.2,115.9,0.500755999,68.3,78.8,10.5,NaN,21.30593332
moderate,firsthalf,50,Threshold,92.44347567,7.556524333,203.206416,89.3,26.3,263,73.7,95.71428571,99.71428571,8.285714286,0.285714286,91.71428571,99.71428571,86.66666667,52.13449865,14.78732781,8.285714286,100,35,2.9,31.29387298,3.232268418,68.70612702,96.76773158,60.0382879,89.48934725,41.07347277,10.24365079,0.128462967,0.151390006,NaN,74.6,72.7920537,27.2079463,26.3,60.0382879,39.9617121,91.71428571,8.285714286,0.285714286,91.71428571,99.71428571,86.66666667,52.13449865,14.78732781,74.74,85.12,61.46,93.48,13.28,-8.36,74.4,32.6,0.414558128,90.1,96,5.9,234.0555556,35.8359688
moderate,firsthalf,50,Threshold-MaxRep,93.02253341,6.977466588,202.1717984,89.27,25.41,254.1,74.59,95.71428571,99.71428571,8.285714286,0.285714286,91.71428571,99.71428571,86.66666667,52.11519691,14.98102922,8.285714286,100,35,2.9,27.55066244,3.301597635,72.44933756,96.69840237,56.70033884,89.0076389,37.03910859,9.805555556,0.127465703,0.149435044,NaN,75.4,72.07658892,27.92341108,25.41,56.70033884,43.29966116,91.71428571,8.285714286,0.285714286,91.71428571,99.71428571,86.66666667,52.11519691,14.98102922,76.3,84.16,62.42,94.38,13.88,-10.22,79.2,28.1,0.336164018,91.4,96.7,5.3,224.3333333,33.33606697
moderate,firsthalf,50,Threshold-NoTierSel,92.5463976,7.453602402,202.9415558,88.97,27.27,272.7,72.73,95.14285714,100,9.714285714,0,90.28571429,100,90,52.60753593,17.13056865,9.714285714,100,35,3.4,29.23260943,3.237945408,70.76739057,96.76205459,59.52556015,88.71214036,39.15707007,12.80185185,0.122827472,0.151758124,NaN,69.8,68.40654905,31.59345095,27.27,59.52556015,40.47443985,90.28571429,9.714285714,0,90.28571429,100,90,52.60753593,17.13056865,73.28,84.18,61.28,93.76,12,-9.58,79.1,31.2,0.369920108,89.2,96.4,7.2,182.2962963,32.77422403
moderate,firsthalf,50,Threshold-Uniform,82.01515325,17.98484675,222.7466201,63.93,11.63,116.3,88.37,76.71428571,99.42857143,46,0.571428571,54,99.42857143,98.81944444,64.92488584,62.48197434,46,100,35,16.1,39.33353876,3.232737038,60.66646124,96.76726296,89.08643866,69.69421918,54.54176663,19.41966313,0.024823321,0.052117937,NaN,54.8,11.23970958,88.76029042,11.63,89.08643866,10.91356134,54,46,0.571428571,54,99.42857143,98.81944444,64.92488584,62.48197434,88.5,54.52,56.46,73.34,32.04,-18.82,227.4,133.3,0.588022825,56.7,90.1,33.4,269.5558281,63.97624213
moderate,onoff,0,3VSL-Binary,97.30243306,2.697566943,195.4959224,100,0.98,9.8,99.02,100,100,NaN,0,NaN,100,NaN,NaN,NaN,NaN,0,0,0,0,2.697566943,0,97.30243306,0,100,0,NaN,NaN,NaN,NaN,100,96.6071886,3.392811403,0.98,0,100,NaN,NaN,0,NaN,100,NaN,NaN,NaN,NaN,NaN,NaN,NaN,NaN,NaN,NaN,NaN,NaN,NaN,NaN,NaN,NaN,NaN
moderate,onoff,0,Beta (BRS),97.30243306,2.697566943,195.4959224,100,0.98,9.8,99.02,100,100,NaN,0,NaN,100,NaN,NaN,NaN,NaN,0,0,0,0,2.697566943,0,97.30243306,0,100,0,NaN,NaN,NaN,NaN,100,96.45507015,3.544929848,0.98,0,100,NaN,NaN,0,NaN,100,NaN,NaN,NaN,NaN,NaN,NaN,NaN,NaN,NaN,NaN,NaN,NaN,NaN,NaN,NaN,NaN,NaN
moderate,onoff,0,RUST,97.29955799,2.700442013,195.4770908,100,1.47,14.7,98.53,99.57142857,99.57142857,NaN,0.428571429,NaN,99.57142857,NaN,NaN,NaN,NaN,0,0,0,0,2.700442013,0,97.29955799,0,100,0,NaN,NaN,NaN,NaN,100,94.70119218,5.298807824,1.47,0,100,NaN,NaN,0.428571429,NaN,99.57142857,NaN,NaN,NaN,NaN,NaN,NaN,NaN,NaN,NaN,NaN,NaN,NaN,NaN,NaN,NaN,NaN,NaN
moderate,onoff,0,RUST-NoDH,97.31099298,2.689007015,195.5056918,100,1.04,10.4,98.96,99.42857143,99.42857143,NaN,0.571428571,NaN,99.42857143,NaN,NaN,NaN,NaN,0,0,0,0,2.689007015,0,97.31099298,0,100,0,NaN,NaN,NaN,NaN,100,97.72729004,2.272709957,1.04,0,100,NaN,NaN,0.571428571,NaN,99.42857143,NaN,NaN,NaN,NaN,NaN,NaN,NaN,NaN,NaN,NaN,NaN,NaN,NaN,NaN,NaN,NaN,NaN
moderate,onoff,0,RUST-NoRec,97.31011134,2.689888657,195.482018,100,1.07,10.7,98.93,99.14285714,99.14285714,NaN,0.857142857,NaN,99.14285714,NaN,NaN,NaN,NaN,0,0,0,0,2.689888657,0,97.31011134,0,100,0,NaN,NaN,NaN,NaN,100,92.85542653,7.144573471,1.07,0,100,NaN,NaN,0.857142857,NaN,99.14285714,NaN,NaN,NaN,NaN,NaN,NaN,NaN,NaN,NaN,NaN,NaN,NaN,NaN,NaN,NaN,NaN,NaN
moderate,onoff,0,RUST-NoTier,97.29120579,2.708794211,195.50642,100,1.77,17.7,98.23,98.57142857,98.57142857,NaN,1.428571429,NaN,98.57142857,NaN,NaN,NaN,NaN,0,0,0,0,2.708794211,0,97.29120579,0,100,0,NaN,NaN,NaN,NaN,100,86.08803786,13.91196214,1.77,0,100,NaN,NaN,1.428571429,NaN,98.57142857,NaN,NaN,NaN,NaN,NaN,NaN,NaN,NaN,NaN,NaN,NaN,NaN,NaN,NaN,NaN,NaN,NaN
moderate,onoff,0,RUST-Uniform,97.30276121,2.69723879,195.5076974,100,0.97,9.7,99.03,98.71428571,98.71428571,NaN,1.285714286,NaN,98.71428571,NaN,NaN,NaN,NaN,0,0,0,0,2.69723879,0,97.30276121,0,100,0,NaN,NaN,NaN,NaN,100,41.37397125,58.62602875,0.97,0,100,NaN,NaN,1.285714286,NaN,98.71428571,NaN,NaN,NaN,NaN,NaN,NaN,NaN,NaN,NaN,NaN,NaN,NaN,NaN,NaN,NaN,NaN,NaN
moderate,onoff,0,ScalarRep-CumReward,97.30243306,2.697566943,195.4959224,100,0.98,9.8,99.02,100,100,NaN,0,NaN,100,NaN,NaN,NaN,NaN,0,0,0,0,2.697566943,0,97.30243306,0,100,0,NaN,NaN,NaN,NaN,100,91.82967797,8.170322029,0.98,0,100,NaN,NaN,0,NaN,100,NaN,NaN,NaN,NaN,NaN,NaN,NaN,NaN,NaN,NaN,NaN,NaN,NaN,NaN,NaN,NaN,NaN
moderate,onoff,0,ScalarRep-EMA,97.30243306,2.697566943,195.4959224,100,0.98,9.8,99.02,100,100,NaN,0,NaN,100,NaN,NaN,NaN,NaN,0,0,0,0,2.697566943,0,97.30243306,0,100,0,NaN,NaN,NaN,NaN,100,0.191655927,99.80834407,0.98,0,100,NaN,NaN,0,NaN,100,NaN,NaN,NaN,NaN,NaN,NaN,NaN,NaN,NaN,NaN,NaN,NaN,NaN,NaN,NaN,NaN,NaN
moderate,onoff,0,Threshold,97.29955799,2.700442013,195.4770908,100,1.47,14.7,98.53,99.57142857,99.57142857,NaN,0.428571429,NaN,99.57142857,NaN,NaN,NaN,NaN,0,0,0,0,2.700442013,0,97.29955799,0,100,0,NaN,NaN,NaN,NaN,100,94.71134446,5.28865554,1.47,0,100,NaN,NaN,0.428571429,NaN,99.57142857,NaN,NaN,NaN,NaN,NaN,NaN,NaN,NaN,NaN,NaN,NaN,NaN,NaN,NaN,NaN,NaN,NaN
moderate,onoff,0,Threshold-MaxRep,97.3054038,2.694596202,195.4807975,100,1.25,12.5,98.75,99.85714286,99.85714286,NaN,0.142857143,NaN,99.85714286,NaN,NaN,NaN,NaN,0,0,0,0,2.694596202,0,97.3054038,0,100,0,NaN,NaN,NaN,NaN,100,94.65425908,5.345740923,1.25,0,100,NaN,NaN,0.142857143,NaN,99.85714286,NaN,NaN,NaN,NaN,NaN,NaN,NaN,NaN,NaN,NaN,NaN,NaN,NaN,NaN,NaN,NaN,NaN
moderate,onoff,0,Threshold-NoTierSel,97.29120579,2.708794211,195.50642,100,1.77,17.7,98.23,99,99,NaN,1,NaN,99,NaN,NaN,NaN,NaN,0,0,0,0,2.708794211,0,97.29120579,0,100,0,NaN,NaN,NaN,NaN,100,85.74151034,14.25848966,1.77,0,100,NaN,NaN,1,NaN,99,NaN,NaN,NaN,NaN,NaN,NaN,NaN,NaN,NaN,NaN,NaN,NaN,NaN,NaN,NaN,NaN,NaN
moderate,onoff,0,Threshold-Uniform,97.30276121,2.69723879,195.5076974,100,0.97,9.7,99.03,99.71428571,99.71428571,NaN,0.285714286,NaN,99.71428571,NaN,NaN,NaN,NaN,0,0,0,0,2.69723879,0,97.30276121,0,100,0,NaN,NaN,NaN,NaN,100,41.46488052,58.53511948,0.97,0,100,NaN,NaN,0.285714286,NaN,99.71428571,NaN,NaN,NaN,NaN,NaN,NaN,NaN,NaN,NaN,NaN,NaN,NaN,NaN,NaN,NaN,NaN,NaN
moderate,onoff,10,3VSL-Binary,97.10037454,2.899625462,194.6691665,99.94,2.11,21.1,97.89,100,100,0,0,100,100,0,90,0,0,100,7,0,45,2.850293073,5,97.14970693,1.740659341,99.98955068,3.333333333,NaN,0.24227077,0.147227319,NaN,99.9,95.8625454,4.137454599,2.11,1.740659341,98.25934066,100,0,0,100,100,0,90,0,NaN,NaN,NaN,NaN,NaN,NaN,NaN,NaN,NaN,NaN,NaN,NaN,NaN,NaN
moderate,onoff,10,Beta (BRS),97.04934251,2.950657491,194.778501,99.89,2.11,21.1,97.89,100,100,0,0,100,100,0,90,0,0,100,7,0,66.66666667,2.851743717,3.333333333,97.14825628,3.470110244,99.98953975,6.54216406,NaN,0.571705569,0.220635071,NaN,99.6,96.26122167,3.738778327,2.11,3.470110244,96.52988976,100,0,0,100,100,0,90,0,NaN,NaN,NaN,NaN,NaN,NaN,NaN,NaN,NaN,NaN,NaN,NaN,NaN,NaN
moderate,onoff,10,RUST,96.9974141,3.0025859,194.8649355,99.83,3.13,31.3,96.87,97.71428571,99.52380952,18.57142857,0.476190476,81.42857143,99.52380952,54.16666667,91.69600961,26.84343434,18.57142857,100,7,1.3,70,2.830684919,0,97.16931508,6.013925729,100,10.85717536,1,0.314136783,0.178457205,NaN,99.9,93.50781084,6.492189164,3.13,6.013925729,93.98607427,81.42857143,18.57142857,0.476190476,81.42857143,99.52380952,54.16666667,91.69600961,26.84343434,NaN,NaN,NaN,NaN,NaN,NaN,NaN,NaN,NaN,NaN,NaN,NaN,NaN,NaN
moderate,onoff,10,RUST-NoDH,97.0884623,2.911537704,194.699102,99.93,2.17,21.7,97.83,98.71428571,99.20634921,5.714285714,0.793650794,94.28571429,99.20634921,33.33333333,90.4523037,9.5,5.714285714,100,7,0.4,60,2.841704091,0,97.15829591,2.649091649,100,5.049459397,1,0.291999381,0.189342186,NaN,99.9,97.13808606,2.861913939,2.17,2.649091649,97.35090835,94.28571429,5.714285714,0.793650794,94.28571429,99.20634921,33.33333333,90.4523037,9.5,NaN,NaN,NaN,NaN,NaN,NaN,NaN,NaN,NaN,NaN,NaN,NaN,NaN,NaN
moderate,onoff,10,RUST-NoRec,97.00501609,2.994983914,194.8754882,99.85,2.22,22.2,97.78,97.42857143,98.73015873,14.28571429,1.26984127,85.71428571,98.73015873,44.16666667,91.21970825,20.84343434,14.28571429,100,7,1,70,2.845412708,0,97.15458729,5.223203973,100,9.609190601,1,0.286151114,0.166749978,NaN,99.9,90.89393306,9.106066935,2.22,5.223203973,94.77679603,85.71428571,14.28571429,1.26984127,85.71428571,98.73015873,44.16666667,91.21970825,20.84343434,NaN,NaN,NaN,NaN,NaN,NaN,NaN,NaN,NaN,NaN,NaN,NaN,NaN,NaN
moderate,onoff,10,RUST-NoTier,96.87616182,3.123838183,195.0443012,99.65,3.71,37.1,96.29,96.28571429,99.20634921,30,0.793650794,70,99.20634921,79.16666667,92.76080074,41.13636364,30,100,7,2.1,88.83333333,2.821059715,11.16666667,97.17894029,10.23918845,99.94629001,17.79162456,1,0.281138899,0.186553783,NaN,99.6,85.34200625,14.65799375,3.71,10.23918845,89.76081155,70,30,0.793650794,70,99.20634921,79.16666667,92.76080074,41.13636364,NaN,NaN,NaN,NaN,NaN,NaN,NaN,NaN,NaN,NaN,NaN,NaN,NaN,NaN
moderate,onoff,10,RUST-Uniform,96.75123118,3.248768821,195.3557283,99.39,2.15,21.5,97.85,98.28571429,98.25396825,1.428571429,1.746031746,98.57142857,98.25396825,3.333333333,89.97189246,2,1.428571429,100,7,0.1,68.66666667,2.846818049,31.33333333,97.15318195,13.1258028,99.78843824,21.57321849,5,0.068626489,0.029256993,NaN,99.2,36.03594276,63.96405724,2.15,13.1258028,86.8741972,98.57142857,1.428571429,1.746031746,98.57142857,98.25396825,3.333333333,89.97189246,2,NaN,NaN,NaN,NaN,NaN,NaN,NaN,NaN,NaN,NaN,NaN,NaN,NaN,NaN
moderate,onoff,10,ScalarRep-CumReward,97.04934251,2.950657491,194.778501,99.89,2.11,21.1,97.89,100,100,0,0,100,100,0,90,0,0,100,7,0,66.66666667,2.851743717,3.333333333,97.14825628,3.470110244,99.98953975,6.54216406,NaN,12.11691863,5.23909586,NaN,99.6,91.71449818,8.285501821,2.11,3.470110244,96.52988976,100,0,0,100,100,0,90,0,NaN,NaN,NaN,NaN,NaN,NaN,NaN,NaN,NaN,NaN,NaN,NaN,NaN,NaN
moderate,onoff,10,ScalarRep-EMA,96.15958284,3.840417163,196.3168543,98.28,2.11,21.1,97.89,100,100,0,0,100,100,0,90,0,0,100,7,0,58.88690476,2.85671824,41.11309524,97.14328176,27.26028394,99.2450751,36.69546911,NaN,-0.011595698,0.000709492,NaN,97.4,0.102423916,99.89757608,2.11,27.26028394,72.73971606,100,0,0,100,100,0,90,0,NaN,NaN,NaN,NaN,NaN,NaN,NaN,NaN,NaN,NaN,NaN,NaN,NaN,NaN
moderate,onoff,10,Threshold,96.9974141,3.0025859,194.8649355,99.83,3.13,31.3,96.87,97.71428571,99.52380952,18.57142857,0.476190476,81.42857143,99.52380952,54.16666667,91.69600961,26.84343434,18.57142857,100,7,1.3,70,2.830684919,0,97.16931508,6.013925729,100,10.85717536,1,0.296838857,0.166159696,NaN,99.9,93.50781084,6.492189164,3.13,6.013925729,93.98607427,81.42857143,18.57142857,0.476190476,81.42857143,99.52380952,54.16666667,91.69600961,26.84343434,NaN,NaN,NaN,NaN,NaN,NaN,NaN,NaN,NaN,NaN,NaN,NaN,NaN,NaN
moderate,onoff,10,Threshold-MaxRep,97.0668007,2.933199305,194.7690008,99.88,2.9,29,97.1,98.71428571,99.52380952,8.571428571,0.476190476,91.42857143,99.52380952,40,90.74680307,13.88888889,8.571428571,100,7,0.6,54.16666667,2.832842835,5.833333333,97.16715716,3.688223541,99.97865468,6.769378208,1,0.273941405,0.150801998,NaN,100,93.33826729,6.661732706,2.9,3.688223541,96.31177646,91.42857143,8.571428571,0.476190476,91.42857143,99.52380952,40,90.74680307,13.88888889,NaN,NaN,NaN,NaN,NaN,NaN,NaN,NaN,NaN,NaN,NaN,NaN,NaN,NaN
moderate,onoff,10,Threshold-NoTierSel,96.85545768,3.144542317,195.0585096,99.62,3.71,37.1,96.29,96.42857143,99.68253968,32.85714286,0.317460317,67.14285714,99.68253968,95,93.0600196,46.57070707,32.85714286,100,7,2.3,88.16666667,2.821936189,11.83333333,97.17806381,10.95320962,99.93564043,18.97992951,1,0.268909458,0.175912571,NaN,99.6,84.84527485,15.15472515,3.71,10.95320962,89.04679038,67.14285714,32.85714286,0.317460317,67.14285714,99.68253968,95,93.0600196,46.57070707,NaN,NaN,NaN,NaN,NaN,NaN,NaN,NaN,NaN,NaN,NaN,NaN,NaN,NaN
moderate,onoff,10,Threshold-Uniform,96.75152362,3.248476381,195.3696194,99.39,2.14,21.4,97.86,99.71428571,99.68253968,0,0.317460317,100,99.68253968,0,89.97101449,0,0,100,7,0,68.66666667,2.846574857,31.33333333,97.15342514,13.1258028,99.78844931,21.57321849,NaN,0.068602388,0.028975662,NaN,99.2,35.92260896,64.07739104,2.14,13.1258028,86.8741972,100,0,0.317460317,100,99.68253968,0,89.97101449,0,NaN,NaN,NaN,NaN,NaN,NaN,NaN,NaN,NaN,NaN,NaN,NaN,NaN,NaN
moderate,onoff,30,3VSL-Binary,95.0301054,4.969894602,198.5856287,96.46,5.24,52.4,94.76,100,100,0,0,100,100,0,70,0,0,100,21,0,59.22424705,2.858730005,40.77575295,97.14126999,44.06239692,98.39884957,49.93331477,NaN,0.210078038,0.154734497,NaN,95.7,90.14276352,9.857236481,5.24,44.06239692,55.93760308,100,0,0,100,100,0,70,0,NaN,NaN,NaN,NaN,NaN,NaN,NaN,NaN,NaN,NaN,NaN,NaN,NaN,NaN
moderate,onoff,30,Beta (BRS),95.20906514,4.790934864,198.0384815,96.79,5.24,52.4,94.76,100,100,0,0,100,100,0,70,0,0,100,21,0,59.896663,2.858756402,40.103337,97.1412436,42.03591758,98.56890138,48.80697211,NaN,0.497114806,0.257173654,NaN,93.9,93.51910021,6.480899786,5.24,42.03591758,57.96408242,100,0,0,100,100,0,70,0,NaN,NaN,NaN,NaN,NaN,NaN,NaN,NaN,NaN,NaN,NaN,NaN,NaN,NaN
moderate,onoff,30,RUST,95.39663777,4.603362235,197.6817804,97.8,10.5,105,89.5,85.57142857,99.79591837,47.61904762,0.204081633,52.38095238,99.79591837,99,81.67497434,64.07076044,47.61904762,100,21,10,76.75620103,2.882937409,23.24379897,97.11706259,38.61486116,99.29327791,49.83652014,1.584040404,0.237782498,0.181540638,NaN,95,85.10478106,14.89521894,10.5,38.61486116,61.38513884,52.38095238,47.61904762,0.204081633,52.38095238,99.79591837,99,81.67497434,64.07076044,NaN,NaN,NaN,NaN,NaN,NaN,NaN,NaN,NaN,NaN,NaN,NaN,NaN,NaN
moderate,onoff,30,RUST-NoDH,95.74760436,4.25239564,196.8982034,98.23,7.12,71.2,92.88,85.85714286,99.18367347,45.23809524,0.816326531,54.76190476,99.18367347,96.33333333,80.90847098,61.21347794,45.23809524,100,21,9.5,80.70599568,2.829354934,19.29400432,97.17064507,34.63186988,99.54907599,47.30607812,1.351515152,0.23529853,0.205030477,NaN,95.5,94.47489041,5.525109588,7.12,34.63186988,65.36813012,54.76190476,45.23809524,0.816326531,54.76190476,99.18367347,96.33333333,80.90847098,61.21347794,NaN,NaN,NaN,NaN,NaN,NaN,NaN,NaN,NaN,NaN,NaN,NaN,NaN,NaN
moderate,onoff,30,RUST-NoRec,95.55742831,4.442571693,197.1532733,97.91,7.69,76.9,92.31,83.57142857,97.14285714,48.0952381,2.857142857,51.9047619,97.14285714,88.27888778,81.41160993,61.92957801,48.0952381,100,21,10.1,77.05788356,2.846680349,22.94211644,97.15331965,37.20730809,99.36248015,48.80958931,1.530707071,0.214232689,0.171369891,NaN,95,80.56700402,19.43299598,7.69,37.20730809,62.79269191,51.9047619,48.0952381,2.857142857,51.9047619,97.14285714,88.27888778,81.41160993,61.92957801,NaN,NaN,NaN,NaN,NaN,NaN,NaN,NaN,NaN,NaN,NaN,NaN,NaN,NaN
moderate,onoff,30,RUST-NoTier,95.22249427,4.777505734,197.9768317,97.6,11.03,110.3,88.97,84.57142857,99.59183673,50.47619048,0.408163265,49.52380952,99.59183673,98.23076923,82.46941773,66.45619687,50.47619048,100,21,10.6,76.33121878,2.883901713,23.66878122,97.11609829,40.68850673,99.2289464,51.61267108,1.680606061,0.222816763,0.182320284,NaN,92.5,78.75709181,21.24290819,11.03,40.68850673,59.31149327,49.52380952,50.47619048,0.408163265,49.52380952,99.59183673,98.23076923,82.46941773,66.45619687,NaN,NaN,NaN,NaN,NaN,NaN,NaN,NaN,NaN,NaN,NaN,NaN,NaN,NaN
moderate,onoff,30,RUST-Uniform,92.78529907,7.214700931,202.1822738,92.26,5.6,56,94.4,83.85714286,98.16326531,49.52380952,1.836734694,50.47619048,98.16326531,92.04079254,81.96707578,64.26316054,49.52380952,100,21,10.4,55.54137469,2.892168941,44.45862531,97.10783106,62.80202745,96.06890022,58.76869514,4.793939394,0.062363309,0.038775598,NaN,87.4,28.08920496,71.91079504,5.6,62.80202745,37.19797255,50.47619048,49.52380952,1.836734694,50.47619048,98.16326531,92.04079254,81.96707578,64.26316054,NaN,NaN,NaN,NaN,NaN,NaN,NaN,NaN,NaN,NaN,NaN,NaN,NaN,NaN
moderate,onoff,30,ScalarRep-CumReward,95.11400286,4.885997144,198.2755615,96.54,5.24,52.4,94.76,100,100,0,0,100,100,0,70,0,0,100,21,0,58.47188347,2.855303442,41.52811653,97.14469656,43.36914407,98.40090293,49.24765745,NaN,10.74069019,6.40067206,NaN,93.2,89.58228743,10.41771257,5.24,43.36914407,56.63085593,100,0,0,100,100,0,70,0,NaN,NaN,NaN,NaN,NaN,NaN,NaN,NaN,NaN,NaN,NaN,NaN,NaN,NaN
moderate,onoff,30,ScalarRep-EMA,93.1200821,6.8799179,201.9326757,92.63,5.24,52.4,94.76,100,100,0,0,100,100,0,70,0,0,100,21,0,54.88435392,2.823556737,45.11564608,97.17644326,61.91545134,96.23531724,58.05592648,NaN,0.011420323,0.019357962,NaN,82.8,0.137101346,99.86289865,5.24,61.91545134,38.08454866,100,0,0,100,100,0,70,0,NaN,NaN,NaN,NaN,NaN,NaN,NaN,NaN,NaN,NaN,NaN,NaN,NaN,NaN
moderate,onoff,30,Threshold,95.38657914,4.613420863,197.7019901,97.77,10.48,104.8,89.52,87.14285714,99.79591837,42.38095238,0.204081633,57.61904762,99.79591837,99,80.19144705,59.13640156,42.38095238,100,21,8.9,76.6725828,2.871799464,23.3274172,97.12820054,38.96443665,99.28167787,50.09201991,1,0.223491121,0.170902973,NaN,95,85.07407541,14.92592459,10.48,38.96443665,61.03556335,57.61904762,42.38095238,0.204081633,57.61904762,99.79591837,99,80.19144705,59.13640156,NaN,NaN,NaN,NaN,NaN,NaN,NaN,NaN,NaN,NaN,NaN,NaN,NaN,NaN
moderate,onoff,30,Threshold-MaxRep,95.53981936,4.460180642,197.6675366,98.01,10.08,100.8,89.92,87.28571429,99.79591837,41.9047619,0.204081633,58.0952381,99.79591837,99,80.06599902,58.61916018,41.9047619,100,21,8.8,77.50170967,2.885694327,22.49829033,97.11430567,36.570608,99.39184266,48.36731994,1,0.224656006,0.165420171,NaN,96.1,84.67364445,15.32635555,10.08,36.570608,63.429392,58.0952381,41.9047619,0.204081633,58.0952381,99.79591837,99,80.06599902,58.61916018,NaN,NaN,NaN,NaN,NaN,NaN,NaN,NaN,NaN,NaN,NaN,NaN,NaN,NaN
moderate,onoff,30,Threshold-NoTierSel,95.20137733,4.798622672,198.015093,97.55,11.01,110.1,88.99,86.57142857,100,44.76190476,0,55.23809524,100,100,80.89884507,61.56819446,44.76190476,100,21,9.4,76.13892267,2.873424329,23.86107733,97.12657567,41.16407638,99.20533395,51.91710764,1.312222222,0.208942218,0.172235278,NaN,92.5,78.40478737,21.59521263,11.01,41.16407638,58.83592362,55.23809524,44.76190476,0,55.23809524,100,100,80.89884507,61.56819446,NaN,NaN,NaN,NaN,NaN,NaN,NaN,NaN,NaN,NaN,NaN,NaN,NaN,NaN
moderate,onoff,30,Threshold-Uniform,92.78193334,7.218066655,202.5197676,92.27,5.65,56.5,94.35,94.42857143,99.79591837,18.0952381,0.204081633,81.9047619,99.79591837,98.33333333,74.0124457,29.94252334,18.0952381,100,21,3.8,55.80026763,2.882295271,44.19973237,97.11770473,62.86419764,96.08834716,58.923293,6.443333333,0.06219101,0.039477172,NaN,87.5,28.04885903,71.95114097,5.65,62.86419764,37.13580236,81.9047619,18.0952381,0.204081633,81.9047619,99.79591837,98.33333333,74.0124457,29.94252334,NaN,NaN,NaN,NaN,NaN,NaN,NaN,NaN,NaN,NaN,NaN,NaN,NaN,NaN
moderate,onoff,50,3VSL-Binary,84.41785231,15.58214769,220.4183568,77.09,7.99,79.9,92.01,100,100,0,0,100,100,0,50,0,0,100,35,0,53.9329373,2.873456661,46.0670627,97.12654334,85.47529435,86.28732299,66.07170233,NaN,0.187018435,0.156492424,NaN,75.1,71.91570966,28.08429034,7.99,85.47529435,14.52470565,100,0,0,100,100,0,50,0,NaN,NaN,NaN,NaN,NaN,NaN,NaN,NaN,NaN,NaN,NaN,NaN,NaN,NaN
moderate,onoff,50,Beta (BRS),85.29797416,14.70202584,219.0286779,78.77,7.99,79.9,92.01,100,100,0,0,100,100,0,50,0,0,100,35,0,53.84496503,2.962028926,46.15503497,97.03797107,83.7304978,87.3964102,65.46836418,NaN,0.454985457,0.251347417,NaN,72.7,74.63709457,25.36290543,7.99,83.7304978,16.2695022,100,0,0,100,100,0,50,0,NaN,NaN,NaN,NaN,NaN,NaN,NaN,NaN,NaN,NaN,NaN,NaN,NaN,NaN
moderate,onoff,50,RUST,91.25831526,8.741684736,206.9671462,93.59,30.25,302.5,69.75,72.57142857,98,52.85714286,2,47.14285714,98,96.26890756,67.58573798,68.15262096,52.85714286,100,35,18.5,67.07447622,2.96784025,32.92552378,97.03215975,67.83569819,96.43580839,66.57333256,1.907282913,0.18809284,0.178104763,NaN,79.1,75.21319268,24.78680732,30.25,67.83569819,32.16430181,47.14285714,52.85714286,2,47.14285714,98,96.26890756,67.58573798,68.15262096,NaN,NaN,NaN,NaN,NaN,NaN,NaN,NaN,NaN,NaN,NaN,NaN,NaN,NaN
moderate,onoff,50,RUST-NoDH,91.33448913,8.665510871,206.0687669,93.11,24.5,245,75.5,72.57142857,98,52.85714286,2,47.14285714,98,96.42173616,67.59379179,68.13931332,52.85714286,100,35,18.5,65.69051678,3.016763116,34.30948322,96.98323688,67.17768927,96.36700569,65.69613517,1.905042017,0.173356368,0.200414158,NaN,80.8,90.88413929,9.115860711,24.5,67.17768927,32.82231073,47.14285714,52.85714286,2,47.14285714,98,96.42173616,67.59379179,68.13931332,NaN,NaN,NaN,NaN,NaN,NaN,NaN,NaN,NaN,NaN,NaN,NaN,NaN,NaN
moderate,onoff,50,RUST-NoRec,91.43536988,8.56463012,206.0905579,93.49,26.44,264.4,73.56,70.14285714,93.14285714,52.85714286,6.857142857,47.14285714,93.14285714,88.71767693,66.40394497,66.17505459,52.85714286,100,35,18.5,67.29739718,3.014412775,32.70260282,96.98558722,66.69104162,96.59912288,66.01910078,1.907759104,0.16124864,0.171905947,NaN,79,68.2598931,31.7401069,26.44,66.69104162,33.30895838,47.14285714,52.85714286,6.857142857,47.14285714,93.14285714,88.71767693,66.40394497,66.17505459,NaN,NaN,NaN,NaN,NaN,NaN,NaN,NaN,NaN,NaN,NaN,NaN,NaN,NaN
moderate,onoff,50,RUST-NoTier,91.32913814,8.67086186,206.3184313,93.86,31.35,313.5,68.65,72.57142857,98,52.85714286,2,47.14285714,98,96.28070175,67.57546072,68.17094994,52.85714286,100,35,18.5,67.60882052,2.990951383,32.39117948,97.00904862,67.33964559,96.61724205,66.69396415,1.935009337,0.171674478,0.177641681,NaN,74.5,73.44188801,26.55811199,31.35,67.33964559,32.66035441,47.14285714,52.85714286,2,47.14285714,98,96.28070175,67.57546072,68.17094994,NaN,NaN,NaN,NaN,NaN,NaN,NaN,NaN,NaN,NaN,NaN,NaN,NaN,NaN
moderate,onoff,50,RUST-Uniform,85.03889399,14.96110601,217.654897,81.96,19.27,192.7,80.73,73.14285714,99.14285714,52.85714286,0.857142857,47.14285714,99.14285714,98.4016637,67.84883199,68.64464483,52.85714286,100,35,18.5,56.3912872,2.953347208,43.6087128,97.04665279,84.26428357,88.45392352,67.51978832,4.703210784,0.059873835,0.048687375,NaN,55.1,17.82066488,82.17933512,19.27,84.26428357,15.73571643,47.14285714,52.85714286,0.857142857,47.14285714,99.14285714,98.4016637,67.84883199,68.64464483,NaN,NaN,NaN,NaN,NaN,NaN,NaN,NaN,NaN,NaN,NaN,NaN,NaN,NaN
moderate,onoff,50,ScalarRep-CumReward,82.65401657,17.34598343,223.9111506,73.57,7.99,79.9,92.01,100,100,0,0,100,100,0,50,0,0,100,35,0,52.95547038,2.969000788,47.04452962,97.03099921,87.23415039,83.53229079,65.86207906,NaN,7.981495961,6.434938751,NaN,66.4,84.82506156,15.17493844,7.99,87.23415039,12.76584961,100,0,0,100,100,0,50,0,NaN,NaN,NaN,NaN,NaN,NaN,NaN,NaN,NaN,NaN,NaN,NaN,NaN,NaN
moderate,onoff,50,ScalarRep-EMA,83.38674363,16.61325637,221.9840107,75.15,7.99,79.9,92.01,100,100,0,0,100,100,0,50,0,0,100,35,0,53.52896295,2.961631588,46.47103705,97.03836841,86.50737398,84.82716965,66.09347704,NaN,0.059504637,0.053544287,NaN,57.6,0.021798423,99.97820158,7.99,86.50737398,13.49262602,100,0,0,100,100,0,50,0,NaN,NaN,NaN,NaN,NaN,NaN,NaN,NaN,NaN,NaN,NaN,NaN,NaN,NaN
moderate,onoff,50,Threshold,89.77015583,10.22984417,209.47185,91.16,28.85,288.5,71.15,75.14285714,99.42857143,49.14285714,0.571428571,50.85714286,99.42857143,98.85620915,66.21789611,65.53172408,49.14285714,100,35,17.2,63.30892814,2.982306899,36.69107186,97.0176931,72.4690187,94.47773554,66.39303018,2.408601651,0.163032598,0.167538972,NaN,78.9,75.21647475,24.78352525,28.85,72.4690187,27.5309813,50.85714286,49.14285714,0.571428571,50.85714286,99.42857143,98.85620915,66.21789611,65.53172408,NaN,NaN,NaN,NaN,NaN,NaN,NaN,NaN,NaN,NaN,NaN,NaN,NaN,NaN
moderate,onoff,50,Threshold-MaxRep,90.05993379,9.940066209,208.5818037,91.32,27.49,274.9,72.51,76.42857143,99.42857143,46.57142857,0.571428571,53.42857143,99.42857143,98.78676471,65.12680075,63.12596771,46.57142857,100,35,16.3,62.82700046,2.925911005,37.17299954,97.07408899,72.41107168,94.76585088,66.54475624,1.898875866,0.169730067,0.165896069,NaN,79,74.45301066,25.54698934,27.49,72.41107168,27.58892832,53.42857143,46.57142857,0.571428571,53.42857143,99.42857143,98.78676471,65.12680075,63.12596771,NaN,NaN,NaN,NaN,NaN,NaN,NaN,NaN,NaN,NaN,NaN,NaN,NaN,NaN
moderate,onoff,50,Threshold-NoTierSel,89.94428868,10.05571132,209.2040932,91.65,30.02,300.2,69.98,74.71428571,98.85714286,49.42857143,1.142857143,50.57142857,98.85714286,97.74509804,66.21982338,65.53064036,49.42857143,100,35,17.3,63.61354483,3.017511758,36.38645517,96.98248824,71.48945024,94.8151113,66.31502938,2.298000516,0.14903647,0.168118463,NaN,74.2,73.17086566,26.82913434,30.02,71.48945024,28.51054976,50.57142857,49.42857143,1.142857143,50.57142857,98.85714286,97.74509804,66.21982338,65.53064036,NaN,NaN,NaN,NaN,NaN,NaN,NaN,NaN,NaN,NaN,NaN,NaN,NaN,NaN
moderate,onoff,50,Threshold-Uniform,82.99325092,17.00674908,220.7859428,78.17,17.77,177.7,82.23,74.28571429,99.71428571,51.14285714,0.285714286,48.85714286,99.71428571,99.5,67.22833791,67.33626196,51.14285714,100,35,17.9,55.7893239,2.933568763,44.2106761,97.06643124,86.91421983,85.72438852,67.90904172,11.54983654,0.060543543,0.054919396,NaN,54.6,15.82291991,84.17708009,17.77,86.91421983,13.08578017,48.85714286,51.14285714,0.285714286,48.85714286,99.71428571,99.5,67.22833791,67.33626196,NaN,NaN,NaN,NaN,NaN,NaN,NaN,NaN,NaN,NaN,NaN,NaN,NaN,NaN
xu_aligned,always,0,3VSL-Binary,97.31012349,2.689876508,198.4329406,100,0.74,7.4,99.26,100,100,NaN,0,NaN,100,NaN,NaN,NaN,NaN,0,0,0,0,2.689876508,0,97.31012349,0,100,0,NaN,NaN,NaN,NaN,100,98.98285283,1.017147174,0.74,0,100,NaN,NaN,0,NaN,100,NaN,NaN,NaN,NaN,NaN,NaN,NaN,NaN,NaN,NaN,NaN,NaN,NaN,NaN,NaN,NaN,NaN
xu_aligned,always,0,Beta (BRS),97.31012349,2.689876508,198.4329406,100,0.74,7.4,99.26,100,100,NaN,0,NaN,100,NaN,NaN,NaN,NaN,0,0,0,0,2.689876508,0,97.31012349,0,100,0,NaN,NaN,NaN,NaN,100,96.32254567,3.677454333,0.74,0,100,NaN,NaN,0,NaN,100,NaN,NaN,NaN,NaN,NaN,NaN,NaN,NaN,NaN,NaN,NaN,NaN,NaN,NaN,NaN,NaN,NaN
xu_aligned,always,0,RUST,97.31012349,2.689876508,198.4329406,100,0.74,7.4,99.26,100,100,NaN,0,NaN,100,NaN,NaN,NaN,NaN,0,0,0,0,2.689876508,0,97.31012349,0,100,0,NaN,NaN,NaN,NaN,100,99.89907084,0.100929155,0.74,0,100,NaN,NaN,0,NaN,100,NaN,NaN,NaN,NaN,NaN,NaN,NaN,NaN,NaN,NaN,NaN,NaN,NaN,NaN,NaN,NaN,NaN
xu_aligned,always,0,RUST-NoDH,97.31012349,2.689876508,198.4329406,100,0.74,7.4,99.26,100,100,NaN,0,NaN,100,NaN,NaN,NaN,NaN,0,0,0,0,2.689876508,0,97.31012349,0,100,0,NaN,NaN,NaN,NaN,100,99.89907084,0.100929155,0.74,0,100,NaN,NaN,0,NaN,100,NaN,NaN,NaN,NaN,NaN,NaN,NaN,NaN,NaN,NaN,NaN,NaN,NaN,NaN,NaN,NaN,NaN
xu_aligned,always,0,RUST-NoRec,97.31012349,2.689876508,198.4329406,100,0.74,7.4,99.26,100,100,NaN,0,NaN,100,NaN,NaN,NaN,NaN,0,0,0,0,2.689876508,0,97.31012349,0,100,0,NaN,NaN,NaN,NaN,100,99.21428305,0.785716951,0.74,0,100,NaN,NaN,0,NaN,100,NaN,NaN,NaN,NaN,NaN,NaN,NaN,NaN,NaN,NaN,NaN,NaN,NaN,NaN,NaN,NaN,NaN
xu_aligned,always,0,RUST-NoTier,97.31012349,2.689876508,198.4329406,100,0.74,7.4,99.26,100,100,NaN,0,NaN,100,NaN,NaN,NaN,NaN,0,0,0,0,2.689876508,0,97.31012349,0,100,0,NaN,NaN,NaN,NaN,100,99.86889975,0.131100253,0.74,0,100,NaN,NaN,0,NaN,100,NaN,NaN,NaN,NaN,NaN,NaN,NaN,NaN,NaN,NaN,NaN,NaN,NaN,NaN,NaN,NaN,NaN
xu_aligned,always,0,RUST-Uniform,97.31012349,2.689876508,198.4329406,100,0.74,7.4,99.26,98.85714286,98.85714286,NaN,1.142857143,NaN,98.85714286,NaN,NaN,NaN,NaN,0,0,0,0,2.689876508,0,97.31012349,0,100,0,NaN,NaN,NaN,NaN,100,40.61231828,59.38768172,0.74,0,100,NaN,NaN,1.142857143,NaN,98.85714286,NaN,NaN,NaN,NaN,NaN,NaN,NaN,NaN,NaN,NaN,NaN,NaN,NaN,NaN,NaN,NaN,NaN
xu_aligned,always,0,ScalarRep-CumReward,97.31012349,2.689876508,198.4329406,100,0.74,7.4,99.26,100,100,NaN,0,NaN,100,NaN,NaN,NaN,NaN,0,0,0,0,2.689876508,0,97.31012349,0,100,0,NaN,NaN,NaN,NaN,100,91.86020809,8.139791913,0.74,0,100,NaN,NaN,0,NaN,100,NaN,NaN,NaN,NaN,NaN,NaN,NaN,NaN,NaN,NaN,NaN,NaN,NaN,NaN,NaN,NaN,NaN
xu_aligned,always,0,ScalarRep-EMA,97.31012349,2.689876508,198.4329406,100,0.74,7.4,99.26,100,100,NaN,0,NaN,100,NaN,NaN,NaN,NaN,0,0,0,0,2.689876508,0,97.31012349,0,100,0,NaN,NaN,NaN,NaN,100,0.09075696,99.90924304,0.74,0,100,NaN,NaN,0,NaN,100,NaN,NaN,NaN,NaN,NaN,NaN,NaN,NaN,NaN,NaN,NaN,NaN,NaN,NaN,NaN,NaN,NaN
xu_aligned,always,0,Threshold,97.31012349,2.689876508,198.4329406,100,0.74,7.4,99.26,100,100,NaN,0,NaN,100,NaN,NaN,NaN,NaN,0,0,0,0,2.689876508,0,97.31012349,0,100,0,NaN,NaN,NaN,NaN,100,99.89907084,0.100929155,0.74,0,100,NaN,NaN,0,NaN,100,NaN,NaN,NaN,NaN,NaN,NaN,NaN,NaN,NaN,NaN,NaN,NaN,NaN,NaN,NaN,NaN,NaN
xu_aligned,always,0,Threshold-MaxRep,97.31012349,2.689876508,198.4329406,100,0.74,7.4,99.26,100,100,NaN,0,NaN,100,NaN,NaN,NaN,NaN,0,0,0,0,2.689876508,0,97.31012349,0,100,0,NaN,NaN,NaN,NaN,100,99.92942445,0.07057555,0.74,0,100,NaN,NaN,0,NaN,100,NaN,NaN,NaN,NaN,NaN,NaN,NaN,NaN,NaN,NaN,NaN,NaN,NaN,NaN,NaN,NaN,NaN
xu_aligned,always,0,Threshold-NoTierSel,97.31012349,2.689876508,198.4329406,100,0.74,7.4,99.26,100,100,NaN,0,NaN,100,NaN,NaN,NaN,NaN,0,0,0,0,2.689876508,0,97.31012349,0,100,0,NaN,NaN,NaN,NaN,100,99.86889975,0.131100253,0.74,0,100,NaN,NaN,0,NaN,100,NaN,NaN,NaN,NaN,NaN,NaN,NaN,NaN,NaN,NaN,NaN,NaN,NaN,NaN,NaN,NaN,NaN
xu_aligned,always,0,Threshold-Uniform,97.31012349,2.689876508,198.4329406,100,0.74,7.4,99.26,99.85714286,99.85714286,NaN,0.142857143,NaN,99.85714286,NaN,NaN,NaN,NaN,0,0,0,0,2.689876508,0,97.31012349,0,100,0,NaN,NaN,NaN,NaN,100,40.57197535,59.42802465,0.74,0,100,NaN,NaN,0.142857143,NaN,99.85714286,NaN,NaN,NaN,NaN,NaN,NaN,NaN,NaN,NaN,NaN,NaN,NaN,NaN,NaN,NaN,NaN,NaN
xu_aligned,always,10,3VSL-Binary,96.68205598,3.31794402,196.8247213,99.9,2.03,20.3,97.97,100,100,0,0,100,100,0,90,0,0,100,7,0,40,3.218479984,0,96.78152002,3.202715743,100,5.789217789,NaN,0.303799121,0.200491623,NaN,100,98.27438118,1.725618823,2.03,3.202715743,96.79728426,100,0,0,100,100,0,90,0,NaN,NaN,NaN,NaN,NaN,NaN,NaN,NaN,NaN,NaN,NaN,NaN,NaN,NaN
xu_aligned,always,10,Beta (BRS),96.63087755,3.369122446,196.9119409,99.85,2.03,20.3,97.97,100,100,0,0,100,100,0,90,0,0,100,7,0,50,3.220197615,0,96.77980239,4.506500178,100,8.052096052,NaN,0.590722526,0.227520678,NaN,99.7,96.26374136,3.736258643,2.03,4.506500178,95.49349982,100,0,0,100,100,0,90,0,NaN,NaN,NaN,NaN,NaN,NaN,NaN,NaN,NaN,NaN,NaN,NaN,NaN,NaN
xu_aligned,always,10,RUST,96.70192706,3.298072945,196.7788449,99.92,2.05,20.5,97.95,98.85714286,100,11.42857143,0,88.57142857,100,40,91.06683971,17,11.42857143,100,7,0.8,40,3.218479984,0,96.78152002,2.630135098,100,4.864168982,1,0.34258625,0.250713831,NaN,100,99.81611254,0.183887459,2.05,2.630135098,97.3698649,88.57142857,11.42857143,0,88.57142857,100,40,91.06683971,17,NaN,NaN,NaN,NaN,NaN,NaN,NaN,NaN,NaN,NaN,NaN,NaN,NaN,NaN
xu_aligned,always,10,RUST-NoDH,96.70192706,3.298072945,196.7788449,99.92,2.05,20.5,97.95,98.85714286,100,11.42857143,0,88.57142857,100,40,91.06683971,17,11.42857143,100,7,0.8,40,3.218479984,0,96.78152002,2.630135098,100,4.864168982,1,0.340008988,0.248415807,NaN,100,99.81611254,0.183887459,2.05,2.630135098,97.3698649,88.57142857,11.42857143,0,88.57142857,100,40,91.06683971,17,NaN,NaN,NaN,NaN,NaN,NaN,NaN,NaN,NaN,NaN,NaN,NaN,NaN,NaN
xu_aligned,always,10,RUST-NoRec,96.69175412,3.308245885,196.7911743,99.91,2.05,20.5,97.95,98.71428571,100,12.85714286,0,87.14285714,100,40,91.20111081,18.94444444,12.85714286,100,7,0.9,40,3.218843302,0,96.7811567,2.892897861,100,5.349269467,1,0.326020197,0.227997294,NaN,100,98.51892829,1.481071706,2.05,2.892897861,97.10710214,87.14285714,12.85714286,0,87.14285714,100,40,91.20111081,18.94444444,NaN,NaN,NaN,NaN,NaN,NaN,NaN,NaN,NaN,NaN,NaN,NaN,NaN,NaN
xu_aligned,always,10,RUST-NoTier,96.517698,3.482302,197.1578226,99.73,2.07,20.7,97.93,96.14285714,100,38.57142857,0,61.42857143,100,100,93.63560019,53.70707071,38.57142857,100,7,2.7,100,3.215458952,0,96.78454105,7.884878998,100,14.45464409,1,0.34101358,0.268181098,NaN,99.6,99.59177387,0.40822613,2.07,7.884878998,92.115121,61.42857143,38.57142857,0,61.42857143,100,100,93.63560019,53.70707071,NaN,NaN,NaN,NaN,NaN,NaN,NaN,NaN,NaN,NaN,NaN,NaN,NaN,NaN
xu_aligned,always,10,RUST-Uniform,96.16917696,3.830823036,197.843267,99.35,2.1,21,97.9,95,97.93650794,31.42857143,2.063492063,68.57142857,97.93650794,63.38095238,92.80824399,40.51226551,31.42857143,100,7,2.2,100,3.187293227,0,96.81270677,17.31818663,100,29.02869252,2,0.082914238,0.04205499,NaN,99,36.88330314,63.11669686,2.1,17.31818663,82.68181337,68.57142857,31.42857143,2.063492063,68.57142857,97.93650794,63.38095238,92.80824399,40.51226551,NaN,NaN,NaN,NaN,NaN,NaN,NaN,NaN,NaN,NaN,NaN,NaN,NaN,NaN
xu_aligned,always,10,ScalarRep-CumReward,96.63087755,3.369122446,196.8939225,99.85,2.03,20.3,97.97,100,100,0,0,100,100,0,90,0,0,100,7,0,50,3.220197615,0,96.77980239,4.506500178,100,8.052096052,NaN,34.49518353,7.446470576,NaN,99.7,91.7112596,8.288740396,2.03,4.506500178,95.49349982,100,0,0,100,100,0,90,0,NaN,NaN,NaN,NaN,NaN,NaN,NaN,NaN,NaN,NaN,NaN,NaN,NaN,NaN
xu_aligned,always,10,ScalarRep-EMA,95.55896112,4.441038884,198.8252422,98.74,2.03,20.3,97.97,100,100,0,0,100,100,0,90,0,0,100,7,0,100,3.194410914,0,96.80558909,28.80077227,100,44.24432294,NaN,-0.010566645,0.018647362,NaN,96.3,0.102128435,99.89787157,2.03,28.80077227,71.19922773,100,0,0,100,100,0,90,0,NaN,NaN,NaN,NaN,NaN,NaN,NaN,NaN,NaN,NaN,NaN,NaN,NaN,NaN
xu_aligned,always,10,Threshold,96.70192706,3.298072945,196.7788449,99.92,2.05,20.5,97.95,98.85714286,100,11.42857143,0,88.57142857,100,40,91.06683971,17,11.42857143,100,7,0.8,40,3.218479984,0,96.78152002,2.630135098,100,4.864168982,1,0.325808628,0.236758756,NaN,100,99.81611254,0.183887459,2.05,2.630135098,97.3698649,88.57142857,11.42857143,0,88.57142857,100,40,91.06683971,17,NaN,NaN,NaN,NaN,NaN,NaN,NaN,NaN,NaN,NaN,NaN,NaN,NaN,NaN
xu_aligned,always,10,Threshold-MaxRep,96.70192706,3.298072945,196.7788449,99.92,2.05,20.5,97.95,98.85714286,100,11.42857143,0,88.57142857,100,40,91.06683971,17,11.42857143,100,7,0.8,40,3.218479984,0,96.78152002,2.630135098,100,4.864168982,1,0.321773269,0.216487004,NaN,100,99.8772759,0.122724098,2.05,2.630135098,97.3698649,88.57142857,11.42857143,0,88.57142857,100,40,91.06683971,17,NaN,NaN,NaN,NaN,NaN,NaN,NaN,NaN,NaN,NaN,NaN,NaN,NaN,NaN
xu_aligned,always,10,Threshold-NoTierSel,96.517698,3.482302,197.1578226,99.73,2.07,20.7,97.93,96.14285714,100,38.57142857,0,61.42857143,100,100,93.63560019,53.70707071,38.57142857,100,7,2.7,100,3.215458952,0,96.78454105,7.884878998,100,14.45464409,1,0.324396006,0.253702587,NaN,99.6,99.59177387,0.40822613,2.07,7.884878998,92.115121,61.42857143,38.57142857,0,61.42857143,100,100,93.63560019,53.70707071,NaN,NaN,NaN,NaN,NaN,NaN,NaN,NaN,NaN,NaN,NaN,NaN,NaN,NaN
xu_aligned,always,10,Threshold-Uniform,96.15934178,3.84065822,197.8594671,99.34,2.09,20.9,97.91,98.71428571,99.52380952,8.571428571,0.476190476,91.42857143,99.52380952,36.66666667,90.75032128,13.44444444,8.571428571,100,7,0.6,100,3.187373085,0,96.81262691,17.53081589,100,29.37378629,2.375,0.083157055,0.041994487,NaN,99,37.13437071,62.86562929,2.09,17.53081589,82.46918411,91.42857143,8.571428571,0.476190476,91.42857143,99.52380952,36.66666667,90.75032128,13.44444444,NaN,NaN,NaN,NaN,NaN,NaN,NaN,NaN,NaN,NaN,NaN,NaN,NaN,NaN
xu_aligned,always,30,3VSL-Binary,94.14911974,5.850880257,201.1201678,97.23,5.46,54.6,94.54,100,100,0,0,100,100,0,70,0,0,100,21,0,100,2.996728217,0,97.00327178,49.10008722,100,65.40627381,NaN,0.305334397,0.232295513,NaN,97.3,95.5262172,4.473782803,5.46,49.10008722,50.89991278,100,0,0,100,100,0,70,0,NaN,NaN,NaN,NaN,NaN,NaN,NaN,NaN,NaN,NaN,NaN,NaN,NaN,NaN
xu_aligned,always,30,Beta (BRS),93.71632743,6.283672567,201.8988576,96.82,5.46,54.6,94.54,100,100,0,0,100,100,0,70,0,0,100,21,0,100,3.009908612,0,96.99009139,52.74203966,100,68.67593133,NaN,0.660442402,0.363402034,NaN,94,93.7610259,6.238974096,5.46,52.74203966,47.25796034,100,0,0,100,100,0,70,0,NaN,NaN,NaN,NaN,NaN,NaN,NaN,NaN,NaN,NaN,NaN,NaN,NaN,NaN
xu_aligned,always,30,RUST,95.86979337,4.130206627,197.907111,98.92,7.16,71.6,92.84,84.42857143,99.79591837,51.42857143,0.204081633,48.57142857,99.79591837,99.23076923,82.87393401,67.03598261,51.42857143,100,21,10.8,100,2.997061186,0,97.00293881,28.24136127,100,43.79702305,1,0.33487228,0.272532212,NaN,97.5,98.81027853,1.189721469,7.16,28.24136127,71.75863873,48.57142857,51.42857143,0.204081633,48.57142857,99.79591837,99.23076923,82.87393401,67.03598261,NaN,NaN,NaN,NaN,NaN,NaN,NaN,NaN,NaN,NaN,NaN,NaN,NaN,NaN
xu_aligned,always,30,RUST-NoDH,95.86979337,4.130206627,197.907111,98.92,7.16,71.6,92.84,84.42857143,99.79591837,51.42857143,0.204081633,48.57142857,99.79591837,99.23076923,82.87393401,67.03598261,51.42857143,100,21,10.8,100,2.997061186,0,97.00293881,28.24136127,100,43.79702305,1,0.332446353,0.269976047,NaN,97.5,98.81027853,1.189721469,7.16,28.24136127,71.75863873,48.57142857,51.42857143,0.204081633,48.57142857,99.79591837,99.23076923,82.87393401,67.03598261,NaN,NaN,NaN,NaN,NaN,NaN,NaN,NaN,NaN,NaN,NaN,NaN,NaN,NaN
xu_aligned,always,30,RUST-NoRec,95.8577837,4.142216303,197.9524845,98.91,7.19,71.9,92.81,84.28571429,99.79591837,51.9047619,0.204081633,48.0952381,99.79591837,99.23076923,82.99938204,67.55322399,51.9047619,100,21,10.9,100,2.998325229,0,97.00167477,28.47810369,100,44.10971848,1,0.321091613,0.255419719,NaN,97.5,97.40256115,2.597438849,7.19,28.47810369,71.52189631,48.0952381,51.9047619,0.204081633,48.0952381,99.79591837,99.23076923,82.99938204,67.55322399,NaN,NaN,NaN,NaN,NaN,NaN,NaN,NaN,NaN,NaN,NaN,NaN,NaN,NaN
xu_aligned,always,30,RUST-NoTier,95.77528249,4.224717508,197.8495318,98.84,7.83,78.3,92.17,83.28571429,99.79591837,55.23809524,0.204081633,44.76190476,99.79591837,99.23076923,83.95514803,70.60709698,55.23809524,100,21,11.6,100,2.999126193,0,97.00087381,30.05769493,100,46.02431918,1,0.335155232,0.275404156,NaN,93.4,98.71500528,1.28499472,7.83,30.05769493,69.94230507,44.76190476,55.23809524,0.204081633,44.76190476,99.79591837,99.23076923,83.95514803,70.60709698,NaN,NaN,NaN,NaN,NaN,NaN,NaN,NaN,NaN,NaN,NaN,NaN,NaN,NaN
xu_aligned,always,30,RUST-Uniform,92.44510194,7.554898062,203.8713619,95.67,7.38,73.8,92.62,82.42857143,98.57142857,55.23809524,1.428571429,44.76190476,98.57142857,94.71396251,83.78981795,69.36457638,55.23809524,100,21,11.6,100,3.001558497,0,96.9984415,61.8180701,100,76.25436126,2,0.084107345,0.05265282,NaN,85.7,29.45292536,70.54707464,7.38,61.8180701,38.1819299,44.76190476,55.23809524,1.428571429,44.76190476,98.57142857,94.71396251,83.78981795,69.36457638,NaN,NaN,NaN,NaN,NaN,NaN,NaN,NaN,NaN,NaN,NaN,NaN,NaN,NaN
xu_aligned,always,30,ScalarRep-CumReward,93.59996869,6.400031308,202.0942846,96.71,5.46,54.6,94.54,100,100,0,0,100,100,0,70,0,0,100,21,0,100,3.013227886,0,96.98677211,53.48857531,100,69.2726642,NaN,9.611075118,6.394425584,NaN,93.4,89.66037791,10.33962209,5.46,53.48857531,46.51142469,100,0,0,100,100,0,70,0,NaN,NaN,NaN,NaN,NaN,NaN,NaN,NaN,NaN,NaN,NaN,NaN,NaN,NaN
xu_aligned,always,30,ScalarRep-EMA,90.750686,9.249314004,207.3418304,93.91,5.46,54.6,94.54,100,100,0,0,100,100,0,70,0,0,100,21,0,100,2.983696177,0,97.01630382,69.3826473,100,81.8060412,NaN,0.043644348,0.067602213,NaN,81.8,0.063107725,99.93689228,5.46,69.3826473,30.6173527,100,0,0,100,100,0,70,0,NaN,NaN,NaN,NaN,NaN,NaN,NaN,NaN,NaN,NaN,NaN,NaN,NaN,NaN
xu_aligned,always,30,Threshold,95.86979337,4.130206627,197.907111,98.92,7.16,71.6,92.84,84.57142857,100,51.42857143,0,48.57142857,100,100,82.90115724,67.24988636,51.42857143,100,21,10.8,100,2.997061186,0,97.00293881,28.24136127,100,43.79702305,1,0.321418402,0.258890785,NaN,97.5,98.81027853,1.189721469,7.16,28.24136127,71.75863873,48.57142857,51.42857143,0,48.57142857,100,100,82.90115724,67.24988636,NaN,NaN,NaN,NaN,NaN,NaN,NaN,NaN,NaN,NaN,NaN,NaN,NaN,NaN
xu_aligned,always,30,Threshold-MaxRep,95.8799693,4.120030704,197.7864212,98.93,7.17,71.7,92.83,84.71428571,100,50.95238095,0,49.04761905,100,100,82.75342783,66.88038489,50.95238095,100,21,10.7,100,2.997061186,0,97.00293881,28.10525198,100,43.61929292,1,0.319108414,0.245641718,NaN,97.5,98.79967203,1.200327975,7.17,28.10525198,71.89474802,49.04761905,50.95238095,0,49.04761905,100,100,82.75342783,66.88038489,NaN,NaN,NaN,NaN,NaN,NaN,NaN,NaN,NaN,NaN,NaN,NaN,NaN,NaN
xu_aligned,always,30,Threshold-NoTierSel,95.77484065,4.225159355,197.8651916,98.84,7.84,78.4,92.16,83.42857143,100,55.23809524,0,44.76190476,100,100,83.98237126,70.82100073,55.23809524,100,21,11.6,100,2.999461853,0,97.00053815,30.05769493,100,46.02431918,1,0.321561859,0.261312785,NaN,93.4,98.71488066,1.285119343,7.84,30.05769493,69.94230507,44.76190476,55.23809524,0,44.76190476,100,100,83.98237126,70.82100073,NaN,NaN,NaN,NaN,NaN,NaN,NaN,NaN,NaN,NaN,NaN,NaN,NaN,NaN
xu_aligned,always,30,Threshold-Uniform,90.22152456,9.778475441,207.9007814,93.51,6.83,68.3,93.17,86.57142857,99.18367347,42.85714286,0.816326531,57.14285714,99.18367347,96.41258741,80.24484279,58.91074233,42.85714286,100,21,9,100,2.998418307,0,97.00158169,71.04431907,100,82.98083583,5.392579365,0.087040605,0.06220757,NaN,85.8,28.79466899,71.20533101,6.83,71.04431907,28.95568093,57.14285714,42.85714286,0.816326531,57.14285714,99.18367347,96.41258741,80.24484279,58.91074233,NaN,NaN,NaN,NaN,NaN,NaN,NaN,NaN,NaN,NaN,NaN,NaN,NaN,NaN
xu_aligned,always,50,3VSL-Binary,74.34306192,25.65693808,237.2823558,78.62,8.3,83,91.7,100,100,0,0,100,100,0,50,0,0,100,35,0,100,3.111636176,0,96.88836382,90.31013732,100,94.86945501,NaN,0.312744727,0.255083282,NaN,77,75.24936208,24.75063792,8.3,90.31013732,9.689862678,100,0,0,100,100,0,50,0,NaN,NaN,NaN,NaN,NaN,NaN,NaN,NaN,NaN,NaN,NaN,NaN,NaN,NaN
xu_aligned,always,50,Beta (BRS),73.81982907,26.18017093,238.3257854,78.13,8.3,83,91.7,100,100,0,0,100,100,0,50,0,0,100,35,0,100,3.120293878,0,96.87970612,90.57803026,100,95.02264748,NaN,0.758279037,0.456395822,NaN,72.1,73.86526085,26.13473915,8.3,90.57803026,9.421969737,100,0,0,100,100,0,50,0,NaN,NaN,NaN,NaN,NaN,NaN,NaN,NaN,NaN,NaN,NaN,NaN,NaN,NaN
xu_aligned,always,50,RUST,94.4699397,5.5300603,200.4079099,98.21,27.94,279.4,72.06,74.42857143,100,51.14285714,0,48.85714286,100,100,67.31593002,67.39667722,51.14285714,100,35,17.9,100,3.10090338,0,96.89909662,46.04996974,100,62.61911647,1,0.324997393,0.269748678,NaN,85.2,97.39415056,2.605849443,27.94,46.04996974,53.95003026,48.85714286,51.14285714,0,48.85714286,100,100,67.31593002,67.39667722,NaN,NaN,NaN,NaN,NaN,NaN,NaN,NaN,NaN,NaN,NaN,NaN,NaN,NaN
xu_aligned,always,50,RUST-NoDH,94.4699397,5.5300603,200.4079099,98.21,27.94,279.4,72.06,74.42857143,100,51.14285714,0,48.85714286,100,100,67.31593002,67.39667722,51.14285714,100,35,17.9,100,3.10090338,0,96.89909662,46.04996974,100,62.61911647,1,0.323440384,0.267956538,NaN,85.2,97.39415056,2.605849443,27.94,46.04996974,53.95003026,48.85714286,51.14285714,0,48.85714286,100,100,67.31593002,67.39667722,NaN,NaN,NaN,NaN,NaN,NaN,NaN,NaN,NaN,NaN,NaN,NaN,NaN,NaN
xu_aligned,always,50,RUST-NoRec,94.46836174,5.531638258,200.5000528,98.21,27.96,279.6,72.04,74.42857143,100,51.14285714,0,48.85714286,100,100,67.31593002,67.39667722,51.14285714,100,35,17.9,100,3.101923634,0,96.89807637,46.04996974,100,62.61911647,1,0.313195269,0.25687899,NaN,85.1,95.64035223,4.35964777,27.96,46.04996974,53.95003026,48.85714286,51.14285714,0,48.85714286,100,100,67.31593002,67.39667722,NaN,NaN,NaN,NaN,NaN,NaN,NaN,NaN,NaN,NaN,NaN,NaN,NaN,NaN
xu_aligned,always,50,RUST-NoTier,94.45265448,5.547345517,200.062201,98.21,28.52,285.2,71.48,74.42857143,100,51.14285714,0,48.85714286,100,100,67.31593002,67.39667722,51.14285714,100,35,17.9,100,3.097888932,0,96.90211107,46.22175787,100,62.7972413,1,0.325066516,0.269316245,NaN,83.4,97.37146897,2.628531033,28.52,46.22175787,53.77824213,48.85714286,51.14285714,0,48.85714286,100,100,67.31593002,67.39667722,NaN,NaN,NaN,NaN,NaN,NaN,NaN,NaN,NaN,NaN,NaN,NaN,NaN,NaN
xu_aligned,always,50,RUST-Uniform,87.96252543,12.03747457,211.9908835,93.04,24.53,245.3,75.47,73.42857143,98,51.14285714,2,48.85714286,98,96.43578644,66.84803528,66.55623232,51.14285714,100,35,17.9,100,3.027772092,0,96.97222791,76.97008014,100,86.8799525,2,0.080532275,0.046556451,NaN,59.2,18.65453556,81.34546444,24.53,76.97008014,23.02991986,48.85714286,51.14285714,2,48.85714286,98,96.43578644,66.84803528,66.55623232,NaN,NaN,NaN,NaN,NaN,NaN,NaN,NaN,NaN,NaN,NaN,NaN,NaN,NaN
xu_aligned,always,50,ScalarRep-CumReward,73.00449454,26.99550546,239.9341113,77.32,8.3,83,91.7,100,100,0,0,100,100,0,50,0,0,100,35,0,100,3.060854109,0,96.93914589,91.02988216,100,95.26622445,NaN,8.178532277,6.795463779,NaN,68.4,69.8838789,30.1161211,8.3,91.02988216,8.970117836,100,0,0,100,100,0,50,0,NaN,NaN,NaN,NaN,NaN,NaN,NaN,NaN,NaN,NaN,NaN,NaN,NaN,NaN
xu_aligned,always,50,ScalarRep-EMA,72.063059,27.936941,241.6710894,76.47,8.3,83,91.7,100,100,0,0,100,100,0,50,0,0,100,35,0,100,3.122766012,0,96.87723399,91.40338591,100,95.48152482,NaN,0.138006581,0.088157455,NaN,61.4,0.021482277,99.97851772,8.3,91.40338591,8.596614092,100,0,0,100,100,0,50,0,NaN,NaN,NaN,NaN,NaN,NaN,NaN,NaN,NaN,NaN,NaN,NaN,NaN,NaN
xu_aligned,always,50,Threshold,94.4699397,5.5300603,200.4079099,98.21,27.94,279.4,72.06,74.42857143,100,51.14285714,0,48.85714286,100,100,67.31593002,67.39667722,51.14285714,100,35,17.9,100,3.10090338,0,96.89909662,46.04996974,100,62.61911647,1,0.315546922,0.257253581,NaN,85.2,97.39415056,2.605849443,27.94,46.04996974,53.95003026,48.85714286,51.14285714,0,48.85714286,100,100,67.31593002,67.39667722,NaN,NaN,NaN,NaN,NaN,NaN,NaN,NaN,NaN,NaN,NaN,NaN,NaN,NaN
xu_aligned,always,50,Threshold-MaxRep,94.45944526,5.540554742,200.548324,98.21,27.91,279.1,72.09,74.42857143,100,51.14285714,0,48.85714286,100,100,67.31593002,67.39667722,51.14285714,100,35,17.9,100,3.112509219,0,96.88749078,45.97421217,100,62.5343707,1,0.315029757,0.252503784,NaN,84.9,97.3936234,2.606376601,27.91,45.97421217,54.02578783,48.85714286,51.14285714,0,48.85714286,100,100,67.31593002,67.39667722,NaN,NaN,NaN,NaN,NaN,NaN,NaN,NaN,NaN,NaN,NaN,NaN,NaN,NaN
xu_aligned,always,50,Threshold-NoTierSel,94.45265448,5.547345517,200.062201,98.21,28.52,285.2,71.48,74.42857143,100,51.14285714,0,48.85714286,100,100,67.31593002,67.39667722,51.14285714,100,35,17.9,100,3.097888932,0,96.90211107,46.22175787,100,62.7972413,1,0.315524122,0.25706943,NaN,83.4,97.37146897,2.628531033,28.52,46.22175787,53.77824213,48.85714286,51.14285714,0,48.85714286,100,100,67.31593002,67.39667722,NaN,NaN,NaN,NaN,NaN,NaN,NaN,NaN,NaN,NaN,NaN,NaN,NaN,NaN
xu_aligned,always,50,Threshold-Uniform,81.78894373,18.21105627,223.7974667,87.94,22.96,229.6,77.04,74.42857143,100,51.14285714,0,48.85714286,100,100,67.31593002,67.39667722,51.14285714,100,35,17.9,100,2.943305311,0,97.05669469,85.97546522,100,92.39053772,6.721744595,0.084740998,0.059642934,NaN,57.3,15.95841124,84.04158876,22.96,85.97546522,14.02453478,48.85714286,51.14285714,0,48.85714286,100,100,67.31593002,67.39667722,NaN,NaN,NaN,NaN,NaN,NaN,NaN,NaN,NaN,NaN,NaN,NaN,NaN,NaN
xu_aligned,firsthalf,0,3VSL-Binary,96.8563146,3.143685402,197.343006,100,0.77,7.7,99.23,100,100,NaN,0,NaN,100,NaN,NaN,NaN,NaN,0,0,0,0,3.143685402,0,96.8563146,0,100,0,NaN,NaN,NaN,NaN,100,98.72052753,1.279472474,0.77,0,100,NaN,NaN,0,NaN,100,NaN,NaN,NaN,96.06,100,96.16,100,-0.1,0,0,0,NaN,100,100,0,NaN,NaN
xu_aligned,firsthalf,0,Beta (BRS),96.8563146,3.143685402,197.343006,100,0.77,7.7,99.23,100,100,NaN,0,NaN,100,NaN,NaN,NaN,NaN,0,0,0,0,3.143685402,0,96.8563146,0,100,0,NaN,NaN,NaN,NaN,100,96.30133969,3.698660311,0.77,0,100,NaN,NaN,0,NaN,100,NaN,NaN,NaN,96.06,100,96.16,100,-0.1,0,0,0,NaN,100,100,0,NaN,NaN
xu_aligned,firsthalf,0,RUST,96.8563146,3.143685402,197.343006,100,0.77,7.7,99.23,99.85714286,99.85714286,NaN,0.142857143,NaN,99.85714286,NaN,NaN,NaN,NaN,0,0,0,0,3.143685402,0,96.8563146,0,100,0,NaN,NaN,NaN,NaN,100,99.94963675,0.050363251,0.77,0,100,NaN,NaN,0.142857143,NaN,99.85714286,NaN,NaN,NaN,96.06,100,96.16,100,-0.1,0,0,0,NaN,100,100,0,NaN,NaN
xu_aligned,firsthalf,0,RUST-NoDH,96.8563146,3.143685402,197.343006,100,0.77,7.7,99.23,100,100,NaN,0,NaN,100,NaN,NaN,NaN,NaN,0,0,0,0,3.143685402,0,96.8563146,0,100,0,NaN,NaN,NaN,NaN,100,99.94963675,0.050363251,0.77,0,100,NaN,NaN,0,NaN,100,NaN,NaN,NaN,96.06,100,96.16,100,-0.1,0,0,0,NaN,100,100,0,NaN,NaN
xu_aligned,firsthalf,0,RUST-NoRec,96.8563146,3.143685402,197.343006,100,0.77,7.7,99.23,100,100,NaN,0,NaN,100,NaN,NaN,NaN,NaN,0,0,0,0,3.143685402,0,96.8563146,0,100,0,NaN,NaN,NaN,NaN,100,98.90181754,1.098182456,0.77,0,100,NaN,NaN,0,NaN,100,NaN,NaN,NaN,96.06,100,96.16,100,-0.1,0,0,0,NaN,100,100,0,NaN,NaN
xu_aligned,firsthalf,0,RUST-NoTier,96.8563146,3.143685402,197.343006,100,0.77,7.7,99.23,99.85714286,99.85714286,NaN,0.142857143,NaN,99.85714286,NaN,NaN,NaN,NaN,0,0,0,0,3.143685402,0,96.8563146,0,100,0,NaN,NaN,NaN,NaN,100,99.90929382,0.090706176,0.77,0,100,NaN,NaN,0.142857143,NaN,99.85714286,NaN,NaN,NaN,96.06,100,96.16,100,-0.1,0,0,0,NaN,100,100,0,NaN,NaN
xu_aligned,firsthalf,0,RUST-Uniform,96.8563146,3.143685402,197.343006,100,0.77,7.7,99.23,98.85714286,98.85714286,NaN,1.142857143,NaN,98.85714286,NaN,NaN,NaN,NaN,0,0,0,0,3.143685402,0,96.8563146,0,100,0,NaN,NaN,NaN,NaN,100,39.86766777,60.13233223,0.77,0,100,NaN,NaN,1.142857143,NaN,98.85714286,NaN,NaN,NaN,96.06,100,96.16,100,-0.1,0,0,0,NaN,100,100,0,NaN,NaN
xu_aligned,firsthalf,0,ScalarRep-CumReward,96.8563146,3.143685402,197.343006,100,0.77,7.7,99.23,100,100,NaN,0,NaN,100,NaN,NaN,NaN,NaN,0,0,0,0,3.143685402,0,96.8563146,0,100,0,NaN,NaN,NaN,NaN,100,91.76639634,8.233603662,0.77,0,100,NaN,NaN,0,NaN,100,NaN,NaN,NaN,96.06,100,96.16,100,-0.1,0,0,0,NaN,100,100,0,NaN,NaN
xu_aligned,firsthalf,0,ScalarRep-EMA,96.8563146,3.143685402,197.343006,100,0.77,7.7,99.23,100,100,NaN,0,NaN,100,NaN,NaN,NaN,NaN,0,0,0,0,3.143685402,0,96.8563146,0,100,0,NaN,NaN,NaN,NaN,100,0.120867936,99.87913206,0.77,0,100,NaN,NaN,0,NaN,100,NaN,NaN,NaN,96.06,100,96.16,100,-0.1,0,0,0,NaN,100,100,0,NaN,NaN
xu_aligned,firsthalf,0,Threshold,96.8563146,3.143685402,197.343006,100,0.77,7.7,99.23,100,100,NaN,0,NaN,100,NaN,NaN,NaN,NaN,0,0,0,0,3.143685402,0,96.8563146,0,100,0,NaN,NaN,NaN,NaN,100,99.94963675,0.050363251,0.77,0,100,NaN,NaN,0,NaN,100,NaN,NaN,NaN,96.06,100,96.16,100,-0.1,0,0,0,NaN,100,100,0,NaN,NaN
xu_aligned,firsthalf,0,Threshold-MaxRep,96.8563146,3.143685402,197.343006,100,0.77,7.7,99.23,100,100,NaN,0,NaN,100,NaN,NaN,NaN,NaN,0,0,0,0,3.143685402,0,96.8563146,0,100,0,NaN,NaN,NaN,NaN,100,99.91928332,0.080716675,0.77,0,100,NaN,NaN,0,NaN,100,NaN,NaN,NaN,96.06,100,96.16,100,-0.1,0,0,0,NaN,100,100,0,NaN,NaN
xu_aligned,firsthalf,0,Threshold-NoTierSel,96.8563146,3.143685402,197.343006,100,0.77,7.7,99.23,100,100,NaN,0,NaN,100,NaN,NaN,NaN,NaN,0,0,0,0,3.143685402,0,96.8563146,0,100,0,NaN,NaN,NaN,NaN,100,99.90929382,0.090706176,0.77,0,100,NaN,NaN,0,NaN,100,NaN,NaN,NaN,96.06,100,96.16,100,-0.1,0,0,0,NaN,100,100,0,NaN,NaN
xu_aligned,firsthalf,0,Threshold-Uniform,96.8563146,3.143685402,197.343006,100,0.77,7.7,99.23,100,100,NaN,0,NaN,100,NaN,NaN,NaN,NaN,0,0,0,0,3.143685402,0,96.8563146,0,100,0,NaN,NaN,NaN,NaN,100,39.97828212,60.02171788,0.77,0,100,NaN,NaN,0,NaN,100,NaN,NaN,NaN,96.06,100,96.16,100,-0.1,0,0,0,NaN,100,100,0,NaN,NaN
xu_aligned,firsthalf,10,3VSL-Binary,96.99672181,3.003278187,196.7417222,99.88,1.74,17.4,98.26,100,100,0,0,100,100,0,90,0,0,100,7,0,50,2.925363341,20,97.07463666,2.734988799,99.95814777,5.116125761,NaN,0.263349599,0.195349355,NaN,99.9,98.5028006,1.497199396,1.74,2.734988799,97.2650112,100,0,0,100,100,0,90,0,95.32,99.92,95.3,99.84,0.02,0.08,0.4,0.8,0.833333333,99.8,99.9,0.1,NaN,17.13333333
xu_aligned,firsthalf,10,Beta (BRS),96.97633445,3.023665547,196.7869454,99.82,1.74,17.4,98.26,100,100,0,0,100,100,0,90,0,0,100,7,0,50.83333333,2.927182005,29.16666667,97.072818,3.306334338,99.91607522,6.046909789,NaN,0.426026108,0.208176988,NaN,99.6,96.2548699,3.745130103,1.74,3.306334338,96.69366566,100,0,0,100,100,0,90,0,95.32,99.84,95.26,99.8,0.06,0.04,0.8,1,1.1,99.7,99.9,0.2,NaN,18.73333333
xu_aligned,firsthalf,10,RUST,96.99672181,3.003278187,196.7417222,99.88,1.74,17.4,98.26,98.71428571,99.84126984,11.42857143,0.158730159,88.57142857,99.84126984,60,91.03665814,18.88888889,11.42857143,100,7,0.8,50,2.925363341,20,97.07463666,2.734988799,99.95814777,5.116125761,1.166666667,0.322511504,0.254748106,NaN,99.9,99.80676211,0.19323789,1.74,2.734988799,97.2650112,88.57142857,11.42857143,0.158730159,88.57142857,99.84126984,60,91.03665814,18.88888889,95.32,99.92,95.3,99.84,0.02,0.08,0.4,0.8,0.833333333,99.8,99.9,0.1,213.25,33.88888889
xu_aligned,firsthalf,10,RUST-NoDH,96.99672181,3.003278187,196.7417222,99.88,1.74,17.4,98.26,98.71428571,99.84126984,11.42857143,0.158730159,88.57142857,99.84126984,60,91.03665814,18.88888889,11.42857143,100,7,0.8,50,2.925363341,20,97.07463666,2.734988799,99.95814777,5.116125761,1.166666667,0.296701449,0.248257162,NaN,99.9,99.80676211,0.19323789,1.74,2.734988799,97.2650112,88.57142857,11.42857143,0.158730159,88.57142857,99.84126984,60,91.03665814,18.88888889,95.32,99.92,95.3,99.84,0.02,0.08,0.4,0.8,0.833333333,99.8,99.9,0.1,213.25,33.88888889
xu_aligned,firsthalf,10,RUST-NoRec,96.99672181,3.003278187,196.7417222,99.87,1.74,17.4,98.26,98.85714286,100,11.42857143,0,88.57142857,100,60,91.0511509,18.88888889,11.42857143,100,7,0.8,50,2.925737803,30,97.0742622,2.734988799,99.94756576,5.116125761,1.166666667,0.299362725,0.230638447,NaN,99.9,98.82829804,1.171701959,1.74,2.734988799,97.2650112,88.57142857,11.42857143,0,88.57142857,100,60,91.0511509,18.88888889,95.32,99.9,95.3,99.84,0.02,0.06,0.5,0.8,0.625,99.8,99.9,0.1,213.25,26.28333333
xu_aligned,firsthalf,10,RUST-NoTier,96.95606077,3.043939226,196.8030871,99.7,1.74,17.4,98.26,98.14285714,99.84126984,17.14285714,0.158730159,82.85714286,99.84126984,70,91.57792241,26.44444444,17.14285714,100,7,1.2,40,2.930481651,50,97.06951835,4.188590979,99.8110174,7.347042697,1.428571429,0.305647988,0.258538708,NaN,99.8,99.62337731,0.376622686,1.74,4.188590979,95.81140902,82.85714286,17.14285714,0.158730159,82.85714286,99.84126984,70,91.57792241,26.44444444,95.32,99.64,95.22,99.76,0.1,-0.12,1.8,1.2,0.523809524,99.7,99.8,0.1,217.0714286,28.21587302
xu_aligned,firsthalf,10,RUST-Uniform,96.80340203,3.196597967,197.1243758,99.22,1.74,17.4,98.26,98.14285714,98.88888889,8.571428571,1.111111111,91.42857143,98.88888889,36.66666667,90.69192401,13.44444444,8.571428571,100,7,0.6,38.91697192,2.944937133,61.08302808,97.05506287,8.973082427,99.4627823,13.9451417,2.9,0.028836383,0.019325104,NaN,99.3,37.65375858,62.34624142,1.74,8.973082427,91.02691757,91.42857143,8.571428571,1.111111111,91.42857143,98.88888889,36.66666667,90.69192401,13.44444444,95.32,98.98,94.92,99.46,0.4,-0.48,5.1,2.7,0.63531746,99.4,99.5,0.1,344.7,26.41825397
xu_aligned,firsthalf,10,ScalarRep-CumReward,96.97633445,3.023665547,196.7869454,99.82,1.74,17.4,98.26,100,100,0,0,100,100,0,90,0,0,100,7,0,50.83333333,2.927182005,29.16666667,97.072818,3.306334338,99.91607522,6.046909789,NaN,10.82937899,5.185560085,NaN,99.6,91.58397091,8.416029086,1.74,3.306334338,96.69366566,100,0,0,100,100,0,90,0,95.32,99.84,95.26,99.8,0.06,0.04,0.8,1,1.1,99.7,99.9,0.2,NaN,18.73333333
xu_aligned,firsthalf,10,ScalarRep-EMA,96.58928021,3.41071979,197.4213596,97.54,1.74,17.4,98.26,100,100,0,0,100,100,0,90,0,0,100,7,0,21.41524113,2.965227009,78.58475887,97.03477299,15.21372261,97.94146211,16.88561352,NaN,-0.042958322,-0.014846194,NaN,98.1,0.081509584,99.91849042,1.74,15.21372261,84.78627739,100,0,0,100,100,0,90,0,95.32,96.04,94.5,99.04,0.82,-3,19.8,4.8,0.260324675,97.3,99.4,2.1,NaN,9.205411255
xu_aligned,firsthalf,10,Threshold,96.99672181,3.003278187,196.7417222,99.88,1.74,17.4,98.26,98.85714286,100,11.42857143,0,88.57142857,100,60,91.0511509,18.88888889,11.42857143,100,7,0.8,50,2.925363341,20,97.07463666,2.734988799,99.95814777,5.116125761,1.166666667,0.306015895,0.239357333,NaN,99.9,99.80676211,0.19323789,1.74,2.734988799,97.2650112,88.57142857,11.42857143,0,88.57142857,100,60,91.0511509,18.88888889,95.32,99.92,95.3,99.84,0.02,0.08,0.4,0.8,0.833333333,99.8,99.9,0.1,213.25,33.88888889
xu_aligned,firsthalf,10,Threshold-MaxRep,96.99672181,3.003278187,196.7417222,99.88,1.74,17.4,98.26,98.85714286,100,11.42857143,0,88.57142857,100,60,91.0511509,18.88888889,11.42857143,100,7,0.8,50,2.925363341,20,97.07463666,2.734988799,99.95814777,5.116125761,1.166666667,0.303209573,0.216228681,NaN,99.9,99.84747562,0.15252438,1.74,2.734988799,97.2650112,88.57142857,11.42857143,0,88.57142857,100,60,91.0511509,18.88888889,95.32,99.92,95.3,99.84,0.02,0.08,0.4,0.8,0.833333333,99.8,99.9,0.1,213.25,33.88888889
xu_aligned,firsthalf,10,Threshold-NoTierSel,96.95606077,3.043939226,196.8030871,99.7,1.74,17.4,98.26,98.28571429,100,17.14285714,0,82.85714286,100,70,91.59241516,26.44444444,17.14285714,100,7,1.2,40,2.930481651,50,97.06951835,4.188590979,99.8110174,7.347042697,1.428571429,0.288949179,0.243529315,NaN,99.8,99.62337731,0.376622686,1.74,4.188590979,95.81140902,82.85714286,17.14285714,0,82.85714286,100,70,91.59241516,26.44444444,95.32,99.64,95.22,99.76,0.1,-0.12,1.8,1.2,0.523809524,99.7,99.8,0.1,217.0714286,28.21587302
xu_aligned,firsthalf,10,Threshold-Uniform,96.81356463,3.186435366,197.1102368,99.24,1.74,17.4,98.26,99.85714286,100,1.428571429,0,98.57142857,100,10,90.13043478,2.5,1.428571429,100,7,0.1,38.25030525,2.944255874,61.74969475,97.05574413,8.690824363,99.47344264,13.50654521,5,0.028091856,0.017695916,NaN,99.3,37.50987194,62.49012806,1.74,8.690824363,91.30917564,98.57142857,1.428571429,0,98.57142857,100,10,90.13043478,2.5,95.32,99,94.94,99.48,0.38,-0.48,5,2.6,0.579761905,99.4,99.5,0.1,455,16.59603175
xu_aligned,firsthalf,30,3VSL-Binary,95.78696333,4.213036675,199.5115873,97.31,5.56,55.6,94.44,100,100,0,0,100,100,0,70,0,0,100,21,0,48.79897332,2.928372421,51.20102668,97.07162758,32.70226069,98.45148512,38.36853665,NaN,0.229951542,0.218258275,NaN,96.6,95.3936965,4.606303503,5.56,32.70226069,67.29773931,100,0,0,100,100,0,70,0,91.5,97.14,89.42,97.48,2.08,-0.34,14.3,12.6,0.944187691,97.3,97.1,-0.2,NaN,19.06979486
xu_aligned,firsthalf,30,Beta (BRS),95.40568696,4.59431304,200.1625616,95.23,5.56,55.6,94.44,100,100,0,0,100,100,0,70,0,0,100,21,0,35.33977346,2.950370794,64.66022654,97.04962921,38.96098853,96.57777346,36.54652665,NaN,0.201931372,0.193182953,NaN,90.5,95.59491992,4.405080083,5.56,38.96098853,61.03901147,100,0,0,100,100,0,70,0,91.5,93.7,88.7,96.76,2.8,-3.06,31.5,16.2,0.516271807,96,96.9,0.9,NaN,12.67119678
xu_aligned,firsthalf,30,RUST,96.55109146,3.448908536,198.1022897,98.32,6.44,64.4,93.56,92.42857143,100,25.23809524,0,74.76190476,100,100,75.75651835,40.0368995,25.23809524,100,21,5.3,32.83691554,2.934266935,67.16308446,97.06573306,16.75307974,98.72578843,21.68647814,1.763333333,0.292392674,0.262682741,NaN,96.6,98.10568682,1.894313182,6.44,16.75307974,83.24692026,74.76190476,25.23809524,0,74.76190476,100,100,75.75651835,40.0368995,91.14,97.68,89.52,98.96,1.62,-1.28,11.6,5.2,0.507298951,98.7,99.4,0.7,182.6441667,33.27420474
xu_aligned,firsthalf,30,RUST-NoDH,96.2674767,3.732523302,198.65511,97.88,6.01,60.1,93.99,89,100,36.66666667,0,63.33333333,100,100,78.69218495,53.29393533,36.66666667,100,21,7.7,39.66490002,2.934619067,60.33509998,97.06538093,23.53890148,98.55122431,28.62957512,2.329047619,0.229001825,0.243646864,NaN,96.6,97.66743371,2.332566291,6.01,23.53890148,76.46109852,63.33333333,36.66666667,0,63.33333333,100,100,78.69218495,53.29393533,91.44,97.34,89.52,98.42,1.92,-1.08,13.3,7.9,0.668617216,98,98.4,0.4,204.4783333,38.1629536
xu_aligned,firsthalf,30,RUST-NoRec,96.2750578,3.724942203,198.5938038,97.76,6.1,61,93.9,88.57142857,100,38.0952381,0,61.9047619,100,100,79.06991927,54.87116858,38.0952381,100,21,8,36.82706126,2.941128034,63.17293874,97.05887197,23.39511578,98.40629798,27.86731068,2.35232684,0.274434041,0.249194544,NaN,96.5,95.95272593,4.04727407,6.1,23.39511578,76.60488422,61.9047619,38.0952381,0,61.9047619,100,100,79.06991927,54.87116858,91.42,97.08,89.38,98.44,2.04,-1.36,14.6,7.8,0.58445028,97.8,98.8,1,193.6165873,35.87771631
xu_aligned,firsthalf,30,RUST-NoTier,96.91797152,3.082028477,197.3143385,98.01,7.33,73.3,92.67,97.14285714,100,9.523809524,0,90.47619048,100,90,72.08391257,16.84466403,9.523809524,100,21,2,10.65502973,2.929023587,89.34497027,97.07097641,6.900831851,98.00490294,8.163762475,1.694444444,0.282019394,0.257027427,NaN,92.4,97.73095397,2.269046034,7.33,6.900831851,93.09916815,90.47619048,9.523809524,0,90.47619048,100,90,72.08391257,16.84466403,90.26,96.34,89.36,99.68,0.9,-3.34,18.3,1.6,0.097076838,99.3,99.9,0.6,151.1111111,18.1379473
xu_aligned,firsthalf,30,RUST-Uniform,93.75749708,6.24250292,203.5503787,90.48,5.94,59.4,94.06,85.57142857,98.57142857,44.76190476,1.428571429,55.23809524,98.57142857,93.05122655,80.70990546,60.00077194,44.76190476,100,21,9.4,36.06999917,2.925173847,63.93000083,97.07482615,57.5670291,93.0329874,43.96578898,8.139630647,0.024072022,0.033845668,NaN,86.6,27.86555342,72.13444658,5.94,57.5670291,42.4329709,55.23809524,44.76190476,1.428571429,55.23809524,98.57142857,93.05122655,80.70990546,60.00077194,91.5,87.34,84.88,93.62,6.62,-6.28,63.3,31.9,0.517349715,90.6,97.1,6.5,189.7342888,38.25373376
xu_aligned,firsthalf,30,ScalarRep-CumReward,95.40596319,4.594036807,200.2504033,95.36,5.56,55.6,94.44,100,100,0,0,100,100,0,70,0,0,100,21,0,37.01734684,2.93460963,62.98265316,97.06539037,39.52652198,96.73496128,37.70510898,NaN,9.764170455,5.865933479,NaN,90.8,90.31087672,9.689123284,5.56,39.52652198,60.47347802,100,0,0,100,100,0,70,0,91.5,93.98,88.7,96.74,2.8,-2.76,30.1,16.3,0.557659633,96.5,96.9,0.4,NaN,13.02766056
xu_aligned,firsthalf,30,ScalarRep-EMA,94.83282086,5.167179144,201.1007146,87.41,5.56,55.6,94.44,100,100,0,0,100,100,0,70,0,0,100,21,0,19.93097802,2.900017252,80.06902198,97.09998275,51.29565846,88.72692979,28.51134247,NaN,-0.014273655,0.02620661,NaN,80,0.116728061,99.88327194,5.56,51.29565846,48.70434154,100,0,0,100,100,0,70,0,91.5,79.16,87.62,95.66,3.88,-16.5,104.2,21.7,0.208557904,90.8,96.7,5.9,NaN,10.87596506
xu_aligned,firsthalf,30,Threshold,96.55109146,3.448908536,198.1022897,98.32,6.44,64.4,93.56,92.42857143,100,25.23809524,0,74.76190476,100,100,75.75651835,40.0368995,25.23809524,100,21,5.3,32.83691554,2.934266935,67.16308446,97.06573306,16.75307974,98.72578843,21.68647814,1.763333333,0.279220206,0.249334814,NaN,96.6,98.10568682,1.894313182,6.44,16.75307974,83.24692026,74.76190476,25.23809524,0,74.76190476,100,100,75.75651835,40.0368995,91.14,97.68,89.52,98.96,1.62,-1.28,11.6,5.2,0.507298951,98.7,99.4,0.7,182.6441667,33.27420474
xu_aligned,firsthalf,30,Threshold-MaxRep,96.56071731,3.439282689,198.06874,98.35,6.47,64.7,93.53,92.57142857,100,24.76190476,0,75.23809524,100,100,75.63837898,39.42905983,24.76190476,100,21,5.2,32.87286325,2.934266935,67.12713675,97.06573306,16.55217741,98.7473947,21.53309149,1.721666667,0.278058515,0.235864497,NaN,96.6,98.10517294,1.894827055,6.47,16.55217741,83.44782259,75.23809524,24.76190476,0,75.23809524,100,100,75.63837898,39.42905983,91.1,97.72,89.52,98.98,1.58,-1.26,11.4,5.1,0.503901515,98.8,99.4,0.6,194.3221429,34.04931097
xu_aligned,firsthalf,30,Threshold-NoTierSel,96.91766199,3.082338011,197.2700163,98.01,7.34,73.4,92.66,97.14285714,100,9.523809524,0,90.47619048,100,90,72.08391257,16.84466403,9.523809524,100,21,2,10.65502973,2.929333261,89.34497027,97.07066674,6.900831851,98.00468856,8.163762475,1.694444444,0.268671514,0.243701789,NaN,92.4,97.73072777,2.269272232,7.34,6.900831851,93.09916815,90.47619048,9.523809524,0,90.47619048,100,90,72.08391257,16.84466403,90.26,96.34,89.34,99.68,0.92,-3.34,18.3,1.6,0.097076838,99.3,99.9,0.6,148.7777778,17.8579473
xu_aligned,firsthalf,30,Threshold-Uniform,93.18868189,6.811318113,204.3422564,89.95,5.8,58,94.2,95.85714286,99.3877551,12.38095238,0.612244898,87.61904762,99.3877551,82.5,72.63654891,20.72687747,12.38095238,100,21,2.6,39.27213659,2.950185381,60.72786341,97.04981462,60.62314936,92.99576215,47.33501827,11.12962963,0.026995231,0.036987135,NaN,86.6,27.79687574,72.20312426,5.8,60.62314936,39.37685064,87.61904762,12.38095238,0.612244898,87.61904762,99.3877551,82.5,72.63654891,20.72687747,91.5,87.36,84.08,92.54,7.42,-5.18,63.2,37.3,0.605407584,90.4,94.8,4.4,301.3465608,41.4901264
xu_aligned,firsthalf,50,3VSL-Binary,84.44794758,15.55205242,219.3835821,74.81,7.8,78,92.2,100,100,0,0,100,100,0,50,0,0,100,35,0,49.32761841,2.840070466,50.67238159,97.15992953,85.9150431,83.42366457,62.62504165,NaN,0.224957958,0.241868326,NaN,73.8,72.91086719,27.08913281,7.8,85.9150431,14.0849569,100,0,0,100,100,0,50,0,90,73.86,65.74,75.76,24.26,-1.9,130.7,121.2,0.929106812,76,75.9,-0.1,NaN,19.92511354
xu_aligned,firsthalf,50,Beta (BRS),81.40089897,18.59910103,224.8244476,56.4,7.8,78,92.2,100,100,0,0,100,100,0,50,0,0,100,35,0,35.86251895,2.821267827,64.13748105,97.17873217,91.38239829,62.58818188,51.49170236,NaN,0.081676972,0.162690382,NaN,45.5,94.71866432,5.281335676,7.8,91.38239829,8.617601715,100,0,0,100,100,0,50,0,90,42.92,60.12,69.88,29.88,-26.96,285.4,150.6,0.523020036,57.4,75.6,18.2,NaN,32.78366726
xu_aligned,firsthalf,50,RUST,97.18397517,2.816024827,195.1743903,96.04,28.47,284.7,71.53,98.28571429,100,3.428571429,0,96.57142857,100,60,50.89612434,6.328828829,3.428571429,100,35,1.2,3.383202371,2.814554372,96.61679763,97.18544563,6.029487882,94.37448462,4.241891442,1.3,0.272867693,0.24370212,NaN,77.1,94.31238443,5.687615571,28.47,6.029487882,93.97051212,96.57142857,3.428571429,0,96.57142857,100,60,50.89612434,6.328828829,73.1,92.08,65.92,100,7.18,-7.92,39.6,0,0,100,100,0,NaN,3.466666667
xu_aligned,firsthalf,50,RUST-NoDH,93.19895497,6.801045031,203.3292628,83.26,17.22,172.2,82.78,71.57142857,100,56.85714286,0,43.14285714,100,100,70.01787731,72.267442,56.85714286,100,35,19.9,22.78799568,2.821507097,77.21200432,97.1784929,66.12225654,82.94182113,33.72198015,7.851337719,0.193385023,0.234557244,NaN,74.8,84.49870794,15.50129206,17.22,66.12225654,33.87774346,43.14285714,56.85714286,0,43.14285714,100,100,70.01787731,72.267442,88.96,73.4,65.38,93.12,23.58,-19.72,133,34.4,0.260764991,80.7,100,19.3,97.03354695,30.15055611
xu_aligned,firsthalf,50,RUST-NoRec,95.19993582,4.80006418,199.3292829,86.11,18.82,188.2,81.18,71.57142857,100,56.85714286,0,43.14285714,100,100,70.01787731,72.267442,56.85714286,100,35,19.9,14.90092076,2.83120784,85.09907924,97.16879216,51.56730328,84.43227552,22.87778873,6.882799708,0.253881931,0.249910534,NaN,74.5,81.42582136,18.57417864,18.82,51.56730328,48.43269672,43.14285714,56.85714286,0,43.14285714,100,100,70.01787731,72.267442,88.72,75.62,65.86,96.6,22.86,-20.98,121.9,17,0.14357993,86.9,100,13.1,69.35297333,20.37339528
xu_aligned,firsthalf,50,RUST-NoTier,97.1920702,2.807929802,195.1966185,96.03,29.9,299,70.1,98.71428571,100,2.571428571,0,97.42857143,100,60,50.66079449,4.882250672,2.571428571,100,35,0.9,2.412873253,2.845315125,97.58712675,97.15468487,5.368255998,94.19893621,3.28355573,1.25,0.271170716,0.242752775,NaN,69.4,94.14728709,5.852712909,29.9,5.368255998,94.631744,97.42857143,2.571428571,0,97.42857143,100,60,50.66079449,4.882250672,70.34,92.06,65.92,100,4.42,-7.94,39.7,0,0,100,100,0,NaN,3.466666667
xu_aligned,firsthalf,50,RUST-Uniform,88.3441706,11.6558294,211.456276,65.89,15.27,152.7,84.73,71.28571429,99.42857143,56.85714286,0.571428571,43.14285714,99.42857143,99.02380952,69.89390772,72.00962575,56.85714286,100,35,19.9,24.92800364,2.77634076,75.07199636,97.22365924,85.82966722,65.50035818,38.60675815,15.11515351,0.014052244,0.037927689,NaN,46.5,12.32564367,87.67435633,15.27,85.82966722,14.17033278,43.14285714,56.85714286,0.571428571,43.14285714,99.42857143,99.02380952,69.89390772,72.00962575,90,47.26,59.76,84.52,30.24,-37.26,263.7,77.4,0.294356259,55.8,100,44.2,81.00328947,45.17304291
xu_aligned,firsthalf,50,ScalarRep-CumReward,68.75615399,31.24384601,248.1105414,43.15,7.8,78,92.2,100,100,0,0,100,100,0,50,0,0,100,35,0,48.83478086,2.844451689,51.16521914,97.15554831,96.31199758,53.54911257,64.80302788,NaN,0.097066373,0.802330428,NaN,42,89.23676808,10.76323192,7.8,96.31199758,3.688002416,100,0,0,100,100,0,50,0,90,40.42,36.82,45.88,53.18,-5.46,297.9,270.6,0.906840504,39.5,51.5,12,NaN,54.80783847
xu_aligned,firsthalf,50,ScalarRep-EMA,83.3869779,16.6130221,221.2322924,61.56,7.8,78,92.2,100,100,0,0,100,100,0,50,0,0,100,35,0,35.53768984,2.919792074,64.46231016,97.08020793,89.27246116,67.66070946,50.8146835,NaN,0.03544006,0.125851971,NaN,49.3,0.17407603,99.82592397,7.8,89.27246116,10.72753884,100,0,0,100,100,0,50,0,90,49.4,63.78,73.72,26.22,-24.32,253,131.4,0.515172164,66.6,75.9,9.3,NaN,22.8128694
xu_aligned,firsthalf,50,Threshold,97.18397517,2.816024827,195.1743903,96.04,28.47,284.7,71.53,98.28571429,100,3.428571429,0,96.57142857,100,60,50.89612434,6.328828829,3.428571429,100,35,1.2,3.383202371,2.814554372,96.61679763,97.18544563,6.029487882,94.37448462,4.241891442,1.3,0.262135558,0.232640451,NaN,77.1,94.31238443,5.687615571,28.47,6.029487882,93.97051212,96.57142857,3.428571429,0,96.57142857,100,60,50.89612434,6.328828829,73.1,92.08,65.92,100,7.18,-7.92,39.6,0,0,100,100,0,NaN,3.466666667
xu_aligned,firsthalf,50,Threshold-MaxRep,97.18557349,2.814426506,195.2006926,96.02,28.43,284.3,71.57,98.28571429,100,3.428571429,0,96.57142857,100,60,50.89612434,6.328828829,3.428571429,100,35,1.2,3.383515067,2.813539685,96.61648493,97.18646031,6.029487882,94.34862872,4.240678273,1.35,0.262252302,0.227700995,NaN,77.4,94.289337,5.710662997,28.43,6.029487882,93.97051212,96.57142857,3.428571429,0,96.57142857,100,60,50.89612434,6.328828829,73.18,92.06,65.92,99.98,7.26,-7.92,39.7,0.1,0.003333333,99.9,100,0.1,50,3.908888889
xu_aligned,firsthalf,50,Threshold-NoTierSel,97.1920702,2.807929802,195.1966185,96.03,29.9,299,70.1,98.71428571,100,2.571428571,0,97.42857143,100,60,50.66079449,4.882250672,2.571428571,100,35,0.9,2.412873253,2.845315125,97.58712675,97.15468487,5.368255998,94.19893621,3.28355573,1.25,0.260951054,0.231783596,NaN,69.4,94.14728709,5.852712909,29.9,5.368255998,94.631744,97.42857143,2.571428571,0,97.42857143,100,60,50.66079449,4.882250672,70.34,92.06,65.92,100,4.42,-7.94,39.7,0,0,100,100,0,NaN,3.466666667
xu_aligned,firsthalf,50,Threshold-Uniform,80.8318046,19.1681954,225.9468874,58.66,11.58,115.8,88.42,75.71428571,100,48.57142857,0,51.42857143,100,100,66.23091681,64.99271184,48.57142857,100,35,17,37.75181456,2.67150001,62.24818544,97.32849999,92.41858538,63.75045147,53.58080444,20.81863705,0.02421663,0.055956888,NaN,46.5,11.78246456,88.21753544,11.58,92.41858538,7.581414616,51.42857143,48.57142857,0,51.42857143,100,100,66.23091681,64.99271184,90,47.26,52.98,70.06,37.02,-22.8,263.7,149.7,0.562801303,54.9,88.8,33.9,282.573744,65.21899247
xu_aligned,onoff,0,3VSL-Binary,96.96836911,3.03163089,195.1021516,100,0.71,7.1,99.29,100,100,NaN,0,NaN,100,NaN,NaN,NaN,NaN,0,0,0,0,3.03163089,0,96.96836911,0,100,0,NaN,NaN,NaN,NaN,100,98.63017652,1.36982348,0.71,0,100,NaN,NaN,0,NaN,100,NaN,NaN,NaN,NaN,NaN,NaN,NaN,NaN,NaN,NaN,NaN,NaN,NaN,NaN,NaN,NaN,NaN
xu_aligned,onoff,0,Beta (BRS),96.96836911,3.03163089,195.1021516,100,0.71,7.1,99.29,100,100,NaN,0,NaN,100,NaN,NaN,NaN,NaN,0,0,0,0,3.03163089,0,96.96836911,0,100,0,NaN,NaN,NaN,NaN,100,96.34385482,3.656145181,0.71,0,100,NaN,NaN,0,NaN,100,NaN,NaN,NaN,NaN,NaN,NaN,NaN,NaN,NaN,NaN,NaN,NaN,NaN,NaN,NaN,NaN,NaN
xu_aligned,onoff,0,RUST,96.96836911,3.03163089,195.1021516,100,0.71,7.1,99.29,100,100,NaN,0,NaN,100,NaN,NaN,NaN,NaN,0,0,0,0,3.03163089,0,96.96836911,0,100,0,NaN,NaN,NaN,NaN,100,99.92943524,0.070564762,0.71,0,100,NaN,NaN,0,NaN,100,NaN,NaN,NaN,NaN,NaN,NaN,NaN,NaN,NaN,NaN,NaN,NaN,NaN,NaN,NaN,NaN,NaN
xu_aligned,onoff,0,RUST-NoDH,96.96836911,3.03163089,195.1021516,100,0.71,7.1,99.29,100,100,NaN,0,NaN,100,NaN,NaN,NaN,NaN,0,0,0,0,3.03163089,0,96.96836911,0,100,0,NaN,NaN,NaN,NaN,100,99.92943524,0.070564762,0.71,0,100,NaN,NaN,0,NaN,100,NaN,NaN,NaN,NaN,NaN,NaN,NaN,NaN,NaN,NaN,NaN,NaN,NaN,NaN,NaN,NaN,NaN
xu_aligned,onoff,0,RUST-NoRec,96.96836911,3.03163089,195.1021516,100,0.71,7.1,99.29,99.85714286,99.85714286,NaN,0.142857143,NaN,99.85714286,NaN,NaN,NaN,NaN,0,0,0,0,3.03163089,0,96.96836911,0,100,0,NaN,NaN,NaN,NaN,100,98.84178926,1.158210736,0.71,0,100,NaN,NaN,0.142857143,NaN,99.85714286,NaN,NaN,NaN,NaN,NaN,NaN,NaN,NaN,NaN,NaN,NaN,NaN,NaN,NaN,NaN,NaN,NaN
xu_aligned,onoff,0,RUST-NoTier,96.96836911,3.03163089,195.1021516,100,0.71,7.1,99.29,100,100,NaN,0,NaN,100,NaN,NaN,NaN,NaN,0,0,0,0,3.03163089,0,96.96836911,0,100,0,NaN,NaN,NaN,NaN,100,99.87911308,0.120886917,0.71,0,100,NaN,NaN,0,NaN,100,NaN,NaN,NaN,NaN,NaN,NaN,NaN,NaN,NaN,NaN,NaN,NaN,NaN,NaN,NaN,NaN,NaN
xu_aligned,onoff,0,RUST-Uniform,96.96657048,3.03342952,195.1241188,100,0.76,7.6,99.24,98,98,NaN,2,NaN,98,NaN,NaN,NaN,NaN,0,0,0,0,3.03342952,0,96.96657048,0,100,0,NaN,NaN,NaN,NaN,100,40.53442285,59.46557715,0.76,0,100,NaN,NaN,2,NaN,98,NaN,NaN,NaN,NaN,NaN,NaN,NaN,NaN,NaN,NaN,NaN,NaN,NaN,NaN,NaN,NaN,NaN
xu_aligned,onoff,0,ScalarRep-CumReward,96.96836911,3.03163089,195.1021516,100,0.71,7.1,99.29,100,100,NaN,0,NaN,100,NaN,NaN,NaN,NaN,0,0,0,0,3.03163089,0,96.96836911,0,100,0,NaN,NaN,NaN,NaN,100,91.97298695,8.027013047,0.71,0,100,NaN,NaN,0,NaN,100,NaN,NaN,NaN,NaN,NaN,NaN,NaN,NaN,NaN,NaN,NaN,NaN,NaN,NaN,NaN,NaN,NaN
xu_aligned,onoff,0,ScalarRep-EMA,96.96836911,3.03163089,195.1021516,100,0.71,7.1,99.29,100,100,NaN,0,NaN,100,NaN,NaN,NaN,NaN,0,0,0,0,3.03163089,0,96.96836911,0,100,0,NaN,NaN,NaN,NaN,100,0.181442034,99.81855797,0.71,0,100,NaN,NaN,0,NaN,100,NaN,NaN,NaN,NaN,NaN,NaN,NaN,NaN,NaN,NaN,NaN,NaN,NaN,NaN,NaN,NaN,NaN
xu_aligned,onoff,0,Threshold,96.96836911,3.03163089,195.1021516,100,0.71,7.1,99.29,100,100,NaN,0,NaN,100,NaN,NaN,NaN,NaN,0,0,0,0,3.03163089,0,96.96836911,0,100,0,NaN,NaN,NaN,NaN,100,99.92943524,0.070564762,0.71,0,100,NaN,NaN,0,NaN,100,NaN,NaN,NaN,NaN,NaN,NaN,NaN,NaN,NaN,NaN,NaN,NaN,NaN,NaN,NaN,NaN,NaN
xu_aligned,onoff,0,Threshold-MaxRep,96.96836911,3.03163089,195.1021516,100,0.71,7.1,99.29,100,100,NaN,0,NaN,100,NaN,NaN,NaN,NaN,0,0,0,0,3.03163089,0,96.96836911,0,100,0,NaN,NaN,NaN,NaN,100,99.88919408,0.110805924,0.71,0,100,NaN,NaN,0,NaN,100,NaN,NaN,NaN,NaN,NaN,NaN,NaN,NaN,NaN,NaN,NaN,NaN,NaN,NaN,NaN,NaN,NaN
xu_aligned,onoff,0,Threshold-NoTierSel,96.96836911,3.03163089,195.1021516,100,0.71,7.1,99.29,100,100,NaN,0,NaN,100,NaN,NaN,NaN,NaN,0,0,0,0,3.03163089,0,96.96836911,0,100,0,NaN,NaN,NaN,NaN,100,99.87911308,0.120886917,0.71,0,100,NaN,NaN,0,NaN,100,NaN,NaN,NaN,NaN,NaN,NaN,NaN,NaN,NaN,NaN,NaN,NaN,NaN,NaN,NaN,NaN,NaN
xu_aligned,onoff,0,Threshold-Uniform,96.96651686,3.033483139,195.1260355,100,0.76,7.6,99.24,99.42857143,99.42857143,NaN,0.571428571,NaN,99.42857143,NaN,NaN,NaN,NaN,0,0,0,0,3.033483139,0,96.96651686,0,100,0,NaN,NaN,NaN,NaN,100,40.72588882,59.27411118,0.76,0,100,NaN,NaN,0.571428571,NaN,99.42857143,NaN,NaN,NaN,NaN,NaN,NaN,NaN,NaN,NaN,NaN,NaN,NaN,NaN,NaN,NaN,NaN,NaN
xu_aligned,onoff,10,3VSL-Binary,96.89181346,3.108186536,196.2407722,99.89,2.21,22.1,97.79,100,100,0,0,100,100,0,90,0,0,100,7,0,52.5,3.019707638,7.5,96.98029236,2.916924665,99.97883513,5.458072394,NaN,0.285765229,0.195502846,NaN,100,98.4049501,1.595049901,2.21,2.916924665,97.08307534,100,0,0,100,100,0,90,0,NaN,NaN,NaN,NaN,NaN,NaN,NaN,NaN,NaN,NaN,NaN,NaN,NaN,NaN
xu_aligned,onoff,10,Beta (BRS),96.83033799,3.16966201,196.3333674,99.82,2.21,22.1,97.79,100,100,0,0,100,100,0,90,0,0,100,7,0,63,3.01149797,7,96.98850203,5.118300856,99.97882377,9.274851045,NaN,0.564925675,0.226156811,NaN,99.6,96.23710792,3.762892075,2.21,5.118300856,94.88169914,100,0,0,100,100,0,90,0,NaN,NaN,NaN,NaN,NaN,NaN,NaN,NaN,NaN,NaN,NaN,NaN,NaN,NaN
xu_aligned,onoff,10,RUST,96.89137813,3.108621867,196.2469369,99.91,2.22,22.2,97.78,98.57142857,99.84126984,12.85714286,0.158730159,87.14285714,99.84126984,55,91.17664236,20.16666667,12.85714286,100,7,0.9,60,3.019403512,0,96.98059649,2.916924665,100,5.508788615,1,0.34267349,0.24977699,NaN,100,99.84642332,0.15357668,2.22,2.916924665,97.08307534,87.14285714,12.85714286,0.158730159,87.14285714,99.84126984,55,91.17664236,20.16666667,NaN,NaN,NaN,NaN,NaN,NaN,NaN,NaN,NaN,NaN,NaN,NaN,NaN,NaN
xu_aligned,onoff,10,RUST-NoDH,96.89137813,3.108621867,196.2469369,99.91,2.22,22.2,97.78,98.57142857,99.84126984,12.85714286,0.158730159,87.14285714,99.84126984,55,91.17664236,20.16666667,12.85714286,100,7,0.9,60,3.019403512,0,96.98059649,2.916924665,100,5.508788615,1,0.340536843,0.24777823,NaN,100,99.84642332,0.15357668,2.22,2.916924665,97.08307534,87.14285714,12.85714286,0.158730159,87.14285714,99.84126984,55,91.17664236,20.16666667,NaN,NaN,NaN,NaN,NaN,NaN,NaN,NaN,NaN,NaN,NaN,NaN,NaN,NaN
xu_aligned,onoff,10,RUST-NoRec,96.85007003,3.149929973,196.3444054,99.87,2.23,22.3,97.77,98.14285714,100,18.57142857,0,81.42857143,100,70,91.73488463,27.71717172,18.57142857,100,7,1.3,70,3.020930986,0,96.97906901,4.154167275,100,7.702194623,1,0.325996067,0.227204612,NaN,100,98.62981501,1.370184994,2.23,4.154167275,95.84583273,81.42857143,18.57142857,0,81.42857143,100,70,91.73488463,27.71717172,NaN,NaN,NaN,NaN,NaN,NaN,NaN,NaN,NaN,NaN,NaN,NaN,NaN,NaN
xu_aligned,onoff,10,RUST-NoTier,96.75757526,3.242424744,196.4873149,99.78,2.24,22.4,97.76,96.71428571,99.84126984,31.42857143,0.158730159,68.57142857,99.84126984,78,92.99485976,40.44289044,31.42857143,100,7,2.2,80,3.023978076,0,96.97602192,6.79577536,100,12.0852478,1,0.3418506,0.261162661,NaN,99.4,99.69280625,0.307193749,2.24,6.79577536,93.20422464,68.57142857,31.42857143,0.158730159,68.57142857,99.84126984,78,92.99485976,40.44289044,NaN,NaN,NaN,NaN,NaN,NaN,NaN,NaN,NaN,NaN,NaN,NaN,NaN,NaN
xu_aligned,onoff,10,RUST-Uniform,96.55444638,3.445553622,196.8947453,99.31,2.21,22.1,97.79,98.57142857,98.73015873,2.857142857,1.26984127,97.14285714,98.73015873,6.666666667,90.15142955,4,2.857142857,100,7,0.2,60.83549784,3.037887581,29.16450216,96.96211242,11.78802385,99.71344957,18.35492118,5,0.067956178,0.026801122,NaN,98.5,37.28441128,62.71558872,2.21,11.78802385,88.21197615,97.14285714,2.857142857,1.26984127,97.14285714,98.73015873,6.666666667,90.15142955,4,NaN,NaN,NaN,NaN,NaN,NaN,NaN,NaN,NaN,NaN,NaN,NaN,NaN,NaN
xu_aligned,onoff,10,ScalarRep-CumReward,96.8405944,3.1594056,196.3307245,99.83,2.21,22.1,97.79,100,100,0,0,100,100,0,90,0,0,100,7,0,63,3.011264873,7,96.98873513,4.779839318,99.97882377,8.751041521,NaN,14.55570966,8.550766375,NaN,99.7,91.62609724,8.373902762,2.21,4.779839318,95.22016068,100,0,0,100,100,0,90,0,NaN,NaN,NaN,NaN,NaN,NaN,NaN,NaN,NaN,NaN,NaN,NaN,NaN,NaN
xu_aligned,onoff,10,ScalarRep-EMA,95.80650918,4.193490819,198.2995351,98,2.21,22.1,97.79,100,100,0,0,100,100,0,90,0,0,100,7,0,52.691627,3.058506662,37.308373,96.94149334,27.32203534,99.11103446,35.49248108,NaN,-0.004657823,0.024087177,NaN,96.4,0.061455851,99.93854415,2.21,27.32203534,72.67796466,100,0,0,100,100,0,90,0,NaN,NaN,NaN,NaN,NaN,NaN,NaN,NaN,NaN,NaN,NaN,NaN,NaN,NaN
xu_aligned,onoff,10,Threshold,96.89106416,3.108935836,196.2467496,99.91,2.23,22.3,97.77,98.71428571,100,12.85714286,0,87.14285714,100,60,91.18943009,20.44444444,12.85714286,100,7,0.9,60,3.019707638,0,96.98029236,2.916924665,100,5.508788615,1,0.326253235,0.236580423,NaN,100,99.84640239,0.153597611,2.23,2.916924665,97.08307534,87.14285714,12.85714286,0,87.14285714,100,60,91.18943009,20.44444444,NaN,NaN,NaN,NaN,NaN,NaN,NaN,NaN,NaN,NaN,NaN,NaN,NaN,NaN
xu_aligned,onoff,10,Threshold-MaxRep,96.89106416,3.108935836,196.2467496,99.91,2.23,22.3,97.77,98.71428571,100,12.85714286,0,87.14285714,100,60,91.18943009,20.44444444,12.85714286,100,7,0.9,60,3.019707638,0,96.98029236,2.916924665,100,5.508788615,1,0.322667108,0.21684551,NaN,100,99.81586342,0.184136584,2.23,2.916924665,97.08307534,87.14285714,12.85714286,0,87.14285714,100,60,91.18943009,20.44444444,NaN,NaN,NaN,NaN,NaN,NaN,NaN,NaN,NaN,NaN,NaN,NaN,NaN,NaN
xu_aligned,onoff,10,Threshold-NoTierSel,96.74695248,3.253047516,196.4982569,99.77,2.25,22.5,97.75,96.71428571,100,32.85714286,0,67.14285714,100,80,93.13193359,43.27622378,32.85714286,100,7,2.3,80,3.024590713,0,96.97540929,7.125320814,100,12.70649578,1,0.325422473,0.248770939,NaN,99.4,99.68247652,0.317523483,2.25,7.125320814,92.87467919,67.14285714,32.85714286,0,67.14285714,100,80,93.13193359,43.27622378,NaN,NaN,NaN,NaN,NaN,NaN,NaN,NaN,NaN,NaN,NaN,NaN,NaN,NaN
xu_aligned,onoff,10,Threshold-Uniform,96.55444638,3.445553622,196.8947453,99.31,2.21,22.1,97.79,100,100,0,0,100,100,0,90,0,0,100,7,0,60.83549784,3.037887581,29.16450216,96.96211242,11.78802385,99.71344957,18.35492118,NaN,0.067984626,0.027268253,NaN,98.5,37.39646418,62.60353582,2.21,11.78802385,88.21197615,100,0,0,100,100,0,90,0,NaN,NaN,NaN,NaN,NaN,NaN,NaN,NaN,NaN,NaN,NaN,NaN,NaN,NaN
xu_aligned,onoff,30,3VSL-Binary,95.2077357,4.792264295,199.8041401,96.82,5.8,58,94.2,100,100,0,0,100,100,0,70,0,0,100,21,0,60.53440664,2.845179029,39.46559336,97.15482097,41.68968836,98.58791555,48.72830669,NaN,0.247861252,0.202141471,NaN,96.4,95.03419256,4.965807438,5.8,41.68968836,58.31031164,100,0,0,100,100,0,70,0,NaN,NaN,NaN,NaN,NaN,NaN,NaN,NaN,NaN,NaN,NaN,NaN,NaN,NaN
xu_aligned,onoff,30,Beta (BRS),95.06952116,4.930478838,200.0584981,96.47,5.8,58,94.2,100,100,0,0,100,100,0,70,0,0,100,21,0,58.87217735,2.856445819,41.12782265,97.14355418,43.48084022,98.33833629,49.38991425,NaN,0.493022706,0.251759679,NaN,93,93.40938835,6.590611651,5.8,43.48084022,56.51915978,100,0,0,100,100,0,70,0,NaN,NaN,NaN,NaN,NaN,NaN,NaN,NaN,NaN,NaN,NaN,NaN,NaN,NaN
xu_aligned,onoff,30,RUST,96.01392864,3.986071359,198.2576071,98.92,7.84,78.4,92.16,84.57142857,100,51.42857143,0,48.57142857,100,100,82.88845759,67.19831684,51.42857143,100,21,10.8,100,2.843145366,0,97.15685463,29.44947359,100,45.18806187,1,0.334335444,0.270765594,NaN,96.7,98.75866337,1.241336633,7.84,29.44947359,70.55052641,48.57142857,51.42857143,0,48.57142857,100,100,82.88845759,67.19831684,NaN,NaN,NaN,NaN,NaN,NaN,NaN,NaN,NaN,NaN,NaN,NaN,NaN,NaN
xu_aligned,onoff,30,RUST-NoDH,96.01392864,3.986071359,198.2576071,98.92,7.84,78.4,92.16,84.57142857,100,51.42857143,0,48.57142857,100,100,82.88845759,67.19831684,51.42857143,100,21,10.8,100,2.843145366,0,97.15685463,29.44947359,100,45.18806187,1,0.331981624,0.269115239,NaN,96.7,98.75866337,1.241336633,7.84,29.44947359,70.55052641,48.57142857,51.42857143,0,48.57142857,100,100,82.88845759,67.19831684,NaN,NaN,NaN,NaN,NaN,NaN,NaN,NaN,NaN,NaN,NaN,NaN,NaN,NaN
xu_aligned,onoff,30,RUST-NoRec,96.00046742,3.999532583,198.2530943,98.91,7.9,79,92.1,84.42857143,100,51.9047619,0,48.0952381,100,100,83.01801867,67.68107546,51.9047619,100,21,10.9,100,2.845632711,0,97.15436729,29.63129178,100,45.44447213,1,0.320313834,0.250074543,NaN,96.7,97.34719017,2.652809835,7.9,29.63129178,70.36870822,48.0952381,51.9047619,0,48.0952381,100,100,83.01801867,67.68107546,NaN,NaN,NaN,NaN,NaN,NaN,NaN,NaN,NaN,NaN,NaN,NaN,NaN,NaN
xu_aligned,onoff,30,RUST-NoTier,95.91209795,4.087902054,198.4365487,98.83,8.44,84.4,91.56,83.28571429,100,55.71428571,0,44.28571429,100,100,84.12086041,71.17982547,55.71428571,100,21,11.7,100,2.842618483,0,97.15738152,31.41608427,100,47.63831293,1,0.334600536,0.273124664,NaN,93.7,98.65330982,1.346690181,8.44,31.41608427,68.58391573,44.28571429,55.71428571,0,44.28571429,100,100,84.12086041,71.17982547,NaN,NaN,NaN,NaN,NaN,NaN,NaN,NaN,NaN,NaN,NaN,NaN,NaN,NaN
xu_aligned,onoff,30,RUST-Uniform,91.88025407,8.119745933,205.7998507,90.72,6.52,65.2,93.48,83.28571429,98.97959184,53.33333333,1.020408163,46.66666667,98.97959184,96.17149517,83.30223095,67.90941946,53.33333333,100,21,11.2,56.17134734,2.839596998,43.82865266,97.160403,67.97368145,95.20994031,61.35099714,4.738021978,0.062689389,0.045183695,NaN,84.4,26.60321665,73.39678335,6.52,67.97368145,32.02631855,46.66666667,53.33333333,1.020408163,46.66666667,98.97959184,96.17149517,83.30223095,67.90941946,NaN,NaN,NaN,NaN,NaN,NaN,NaN,NaN,NaN,NaN,NaN,NaN,NaN,NaN
xu_aligned,onoff,30,ScalarRep-CumReward,94.71701543,5.282984572,200.7621908,95.95,5.8,58,94.2,100,100,0,0,100,100,0,70,0,0,100,21,0,59.06287468,2.873410983,40.93712532,97.12658902,46.69842994,98.11566564,51.58848889,NaN,9.890761356,5.9399528,NaN,92,89.48549119,10.51450881,5.8,46.69842994,53.30157006,100,0,0,100,100,0,70,0,NaN,NaN,NaN,NaN,NaN,NaN,NaN,NaN,NaN,NaN,NaN,NaN,NaN,NaN
xu_aligned,onoff,30,ScalarRep-EMA,92.44515169,7.554848308,204.9511446,91.54,5.8,58,94.2,100,100,0,0,100,100,0,70,0,0,100,21,0,55.02580493,2.869069721,44.97419507,97.13093028,64.98101779,95.60788201,59.45316967,NaN,0.01485943,0.046781059,NaN,81.1,0.095692612,99.90430739,5.8,64.98101779,35.01898221,100,0,0,100,100,0,70,0,NaN,NaN,NaN,NaN,NaN,NaN,NaN,NaN,NaN,NaN,NaN,NaN,NaN,NaN
xu_aligned,onoff,30,Threshold,96.01392864,3.986071359,198.2576071,98.92,7.84,78.4,92.16,84.57142857,100,51.42857143,0,48.57142857,100,100,82.88845759,67.19831684,51.42857143,100,21,10.8,100,2.843145366,0,97.15685463,29.44947359,100,45.18806187,1,0.32102067,0.258023668,NaN,96.7,98.75866337,1.241336633,7.84,29.44947359,70.55052641,48.57142857,51.42857143,0,48.57142857,100,100,82.88845759,67.19831684,NaN,NaN,NaN,NaN,NaN,NaN,NaN,NaN,NaN,NaN,NaN,NaN,NaN,NaN
xu_aligned,onoff,30,Threshold-MaxRep,96.01400043,3.985999571,198.2296526,98.92,7.84,78.4,92.16,84.57142857,100,51.42857143,0,48.57142857,100,100,82.88845759,67.19831684,51.42857143,100,21,10.8,100,2.843145366,0,97.15685463,29.41280438,100,45.16308684,1,0.320138635,0.246525831,NaN,96.7,98.76931664,1.230683358,7.84,29.41280438,70.58719562,48.57142857,51.42857143,0,48.57142857,100,100,82.88845759,67.19831684,NaN,NaN,NaN,NaN,NaN,NaN,NaN,NaN,NaN,NaN,NaN,NaN,NaN,NaN
xu_aligned,onoff,30,Threshold-NoTierSel,95.91209795,4.087902054,198.4365487,98.83,8.44,84.4,91.56,83.28571429,100,55.71428571,0,44.28571429,100,100,84.12086041,71.17982547,55.71428571,100,21,11.7,100,2.842618483,0,97.15738152,31.41608427,100,47.63831293,1,0.321162338,0.260344013,NaN,93.7,98.65330982,1.346690181,8.44,31.41608427,68.58391573,44.28571429,55.71428571,0,44.28571429,100,100,84.12086041,71.17982547,NaN,NaN,NaN,NaN,NaN,NaN,NaN,NaN,NaN,NaN,NaN,NaN,NaN,NaN
xu_aligned,onoff,30,Threshold-Uniform,91.84013034,8.159869656,205.979455,90.62,6.39,63.9,93.61,92.14285714,100,26.19047619,0,73.80952381,100,100,76.03532833,40.66421148,26.19047619,100,21,5.5,56.09787205,2.837337677,43.90212795,97.16266232,68.07003532,95.15830375,61.2892802,7.582619048,0.06282465,0.046086805,NaN,84.3,26.87503353,73.12496647,6.39,68.07003532,31.92996468,73.80952381,26.19047619,0,73.80952381,100,100,76.03532833,40.66421148,NaN,NaN,NaN,NaN,NaN,NaN,NaN,NaN,NaN,NaN,NaN,NaN,NaN,NaN
xu_aligned,onoff,50,3VSL-Binary,83.45559191,16.54440809,220.5937433,75.77,8.08,80.8,91.92,100,100,0,0,100,100,0,50,0,0,100,35,0,54.18118556,3.11065086,45.81881444,96.88934914,85.88658835,85.43038743,66.40361737,NaN,0.239247933,0.215035096,NaN,76,73.00860754,26.99139246,8.08,85.88658835,14.11341165,100,0,0,100,100,0,50,0,NaN,NaN,NaN,NaN,NaN,NaN,NaN,NaN,NaN,NaN,NaN,NaN,NaN,NaN
xu_aligned,onoff,50,Beta (BRS),83.14839511,16.85160489,221.4055498,75.04,8.08,80.8,91.92,100,100,0,0,100,100,0,50,0,0,100,35,0,53.94910701,3.069473418,46.05089299,96.93052658,86.46631847,84.84853119,66.39856178,NaN,0.45156681,0.242037217,NaN,69.2,70.69070588,29.30929412,8.08,86.46631847,13.53368153,100,0,0,100,100,0,50,0,NaN,NaN,NaN,NaN,NaN,NaN,NaN,NaN,NaN,NaN,NaN,NaN,NaN,NaN
xu_aligned,onoff,50,RUST,94.18389528,5.816104718,200.533344,98.06,30.17,301.7,69.83,72.14285714,99.71428571,55.42857143,0.285714286,44.57142857,99.71428571,99.56521739,69.1845356,71.07654403,55.42857143,100,35,19.4,100,3.100950525,0,96.89904947,48.68075733,100,65.20117974,1,0.326491038,0.266319652,NaN,85.9,97.08204711,2.917952886,30.17,48.68075733,51.31924267,44.57142857,55.42857143,0.285714286,44.57142857,99.71428571,99.56521739,69.1845356,71.07654403,NaN,NaN,NaN,NaN,NaN,NaN,NaN,NaN,NaN,NaN,NaN,NaN,NaN,NaN
xu_aligned,onoff,50,RUST-NoDH,94.18389528,5.816104718,200.533344,98.06,30.17,301.7,69.83,72.14285714,99.71428571,55.42857143,0.285714286,44.57142857,99.71428571,99.56521739,69.1845356,71.07654403,55.42857143,100,35,19.4,100,3.100950525,0,96.89904947,48.68075733,100,65.20117974,1,0.324297292,0.264417078,NaN,85.9,97.08204711,2.917952886,30.17,48.68075733,51.31924267,44.57142857,55.42857143,0.285714286,44.57142857,99.71428571,99.56521739,69.1845356,71.07654403,NaN,NaN,NaN,NaN,NaN,NaN,NaN,NaN,NaN,NaN,NaN,NaN,NaN,NaN
xu_aligned,onoff,50,RUST-NoRec,94.19693365,5.80306635,200.5574174,98.06,30.19,301.9,69.81,72.14285714,99.71428571,55.42857143,0.285714286,44.57142857,99.71428571,99.56521739,69.1845356,71.07654403,55.42857143,100,35,19.4,100,3.086723217,0,96.91327678,48.76238998,100,65.28399548,1,0.315032465,0.254623583,NaN,85.8,95.46722911,4.532770886,30.19,48.76238998,51.23761002,44.57142857,55.42857143,0.285714286,44.57142857,99.71428571,99.56521739,69.1845356,71.07654403,NaN,NaN,NaN,NaN,NaN,NaN,NaN,NaN,NaN,NaN,NaN,NaN,NaN,NaN
xu_aligned,onoff,50,RUST-NoTier,94.1857352,5.814264795,199.9993085,98.06,30.84,308.4,69.16,72.14285714,99.71428571,55.42857143,0.285714286,44.57142857,99.71428571,99.56521739,69.1845356,71.07654403,55.42857143,100,35,19.4,100,3.072238432,0,96.92776157,49.17386459,100,65.64445165,1,0.326569565,0.266478941,NaN,82.9,97.08344633,2.916553672,30.84,49.17386459,50.82613541,44.57142857,55.42857143,0.285714286,44.57142857,99.71428571,99.56521739,69.1845356,71.07654403,NaN,NaN,NaN,NaN,NaN,NaN,NaN,NaN,NaN,NaN,NaN,NaN,NaN,NaN
xu_aligned,onoff,50,RUST-Uniform,83.46403261,16.53596739,220.2753861,79.91,20.95,209.5,79.05,71.28571429,98,55.42857143,2,44.57142857,98,96.80451128,68.81722284,70.30485066,55.42857143,100,35,19.4,56.00586732,3.024820425,43.99413268,96.97517958,86.30136317,86.51682216,67.90765568,4.787456297,0.059204421,0.048964366,NaN,51.8,15.38205566,84.61794434,20.95,86.30136317,13.69863683,44.57142857,55.42857143,2,44.57142857,98,96.80451128,68.81722284,70.30485066,NaN,NaN,NaN,NaN,NaN,NaN,NaN,NaN,NaN,NaN,NaN,NaN,NaN,NaN
xu_aligned,onoff,50,ScalarRep-CumReward,79.26768412,20.73231588,228.5254299,67.4,8.08,80.8,91.92,100,100,0,0,100,100,0,50,0,0,100,35,0,52.76351641,3.151627772,47.23648359,96.84837223,89.60590871,78.55061762,66.38403765,NaN,4.278624765,3.662368801,NaN,60.7,84.53913022,15.46086978,8.08,89.60590871,10.39409129,100,0,0,100,100,0,50,0,NaN,NaN,NaN,NaN,NaN,NaN,NaN,NaN,NaN,NaN,NaN,NaN,NaN,NaN
xu_aligned,onoff,50,ScalarRep-EMA,81.21215669,18.78784331,224.9065446,71.36,8.08,80.8,91.92,100,100,0,0,100,100,0,50,0,0,100,35,0,53.55958256,3.090136045,46.44041744,96.90986395,88.52363953,82.08002921,66.71366781,NaN,0.063309614,0.073640142,NaN,56.7,0.065356858,99.93464314,8.08,88.52363953,11.47636047,100,0,0,100,100,0,50,0,NaN,NaN,NaN,NaN,NaN,NaN,NaN,NaN,NaN,NaN,NaN,NaN,NaN,NaN
xu_aligned,onoff,50,Threshold,94.18389528,5.816104718,200.533344,98.06,30.17,301.7,69.83,72.28571429,100,55.42857143,0,44.57142857,100,100,69.24215971,71.20963538,55.42857143,100,35,19.4,100,3.100950525,0,96.89904947,48.68075733,100,65.20117974,1,0.316124127,0.254535434,NaN,85.9,97.08204711,2.917952886,30.17,48.68075733,51.31924267,44.57142857,55.42857143,0,44.57142857,100,100,69.24215971,71.20963538,NaN,NaN,NaN,NaN,NaN,NaN,NaN,NaN,NaN,NaN,NaN,NaN,NaN,NaN
xu_aligned,onoff,50,Threshold-MaxRep,94.18316899,5.816831013,200.5025563,98.06,30.18,301.8,69.82,72.28571429,100,55.42857143,0,44.57142857,100,100,69.24215971,71.20963538,55.42857143,100,35,19.4,100,3.10119492,0,96.89880508,48.68075733,100,65.20117974,1,0.315796922,0.251161754,NaN,85,97.0677508,2.932249199,30.18,48.68075733,51.31924267,44.57142857,55.42857143,0,44.57142857,100,100,69.24215971,71.20963538,NaN,NaN,NaN,NaN,NaN,NaN,NaN,NaN,NaN,NaN,NaN,NaN,NaN,NaN
xu_aligned,onoff,50,Threshold-NoTierSel,94.1857352,5.814264795,199.9993085,98.06,30.84,308.4,69.16,72.28571429,100,55.42857143,0,44.57142857,100,100,69.24215971,71.20963538,55.42857143,100,35,19.4,100,3.072238432,0,96.92776157,49.17386459,100,65.64445165,1,0.316236269,0.254415811,NaN,82.9,97.08344633,2.916553672,30.84,49.17386459,50.82613541,44.57142857,55.42857143,0,44.57142857,100,100,69.24215971,71.20963538,NaN,NaN,NaN,NaN,NaN,NaN,NaN,NaN,NaN,NaN,NaN,NaN,NaN,NaN
xu_aligned,onoff,50,Threshold-Uniform,81.22154516,18.77845484,225.0868753,75.33,18.68,186.8,81.32,73.28571429,99.42857143,52.85714286,0.571428571,47.14285714,99.42857143,98.94021739,67.96231337,68.68795223,52.85714286,100,35,18.5,54.93162994,2.96907559,45.06837006,97.03092441,88.85196387,83.06377571,67.8738057,12.40472355,0.060099885,0.05642047,NaN,51.2,13.84952622,86.15047378,18.68,88.85196387,11.14803613,47.14285714,52.85714286,0.571428571,47.14285714,99.42857143,98.94021739,67.96231337,68.68795223,NaN,NaN,NaN,NaN,NaN,NaN,NaN,NaN,NaN,NaN,NaN,NaN,NaN,NaN
